Year,State,Avg Temperature Index
1956,Alabama,63.6
1957,Alabama,63.949999999999996
1958,Alabama,61.21666666666667
1959,Alabama,62.958333333333336
1960,Alabama,61.541666666666664
1961,Alabama,61.93333333333333
1962,Alabama,63.050000000000004
1963,Alabama,61.73333333333334
1964,Alabama,62.4
1965,Alabama,63.01666666666666
1966,Alabama,61.666666666666664
1967,Alabama,61.916666666666664
1968,Alabama,61.008333333333326
1969,Alabama,61.366666666666674
1970,Alabama,62.11666666666667
1971,Alabama,62.69166666666667
1972,Alabama,62.96666666666667
1973,Alabama,63.06666666666667
1974,Alabama,63.11666666666667
1975,Alabama,62.824999999999996
1976,Alabama,60.675000000000004
1977,Alabama,62.45833333333332
1978,Alabama,61.866666666666674
1979,Alabama,61.35833333333333
1980,Alabama,62.48333333333334
1981,Alabama,61.99999999999999
1982,Alabama,63.341666666666676
1983,Alabama,61.20000000000001
1984,Alabama,62.824999999999996
1985,Alabama,62.80833333333334
1986,Alabama,64.09166666666665
1987,Alabama,63.050000000000004
1988,Alabama,62.083333333333336
1989,Alabama,62.19999999999999
1990,Alabama,64.925
1991,Alabama,63.974999999999994
1992,Alabama,62.11666666666665
1993,Alabama,62.33333333333332
1994,Alabama,63.06666666666667
1995,Alabama,63.04166666666668
1996,Alabama,62.12500000000001
1997,Alabama,62.36666666666667
1998,Alabama,65.12499999999999
1999,Alabama,64.15833333333333
2000,Alabama,63.574999999999996
2001,Alabama,63.04166666666666
2002,Alabama,63.583333333333336
2003,Alabama,62.75
2004,Alabama,63.33333333333332
2005,Alabama,63.39166666666665
2006,Alabama,64.19999999999999
2007,Alabama,64.41666666666667
2008,Alabama,62.92500000000001
2009,Alabama,62.916666666666664
2010,Alabama,62.708333333333336
2011,Alabama,63.84166666666666
2012,Alabama,64.91666666666667
2013,Alabama,62.60833333333333
2014,Alabama,62.041666666666664
2015,Alabama,64.64166666666667
2016,Alabama,65.26666666666667
1956,Arizona,59.541666666666664
1957,Arizona,59.541666666666664
1958,Arizona,60.39166666666666
1959,Arizona,60.208333333333336
1960,Arizona,59.58333333333334
1961,Arizona,59.26666666666667
1962,Arizona,59.84166666666666
1963,Arizona,59.791666666666664
1964,Arizona,57.76666666666666
1965,Arizona,58.48333333333334
1966,Arizona,59.508333333333326
1967,Arizona,59.025
1968,Arizona,58.650000000000006
1969,Arizona,59.70000000000001
1970,Arizona,58.975
1971,Arizona,58.224999999999994
1972,Arizona,59.65
1973,Arizona,58.4
1974,Arizona,59.49166666666667
1975,Arizona,57.89166666666666
1976,Arizona,58.96666666666666
1977,Arizona,60.21666666666667
1978,Arizona,59.81666666666666
1979,Arizona,58.816666666666656
1980,Arizona,60.23333333333333
1981,Arizona,61.324999999999996
1982,Arizona,58.741666666666674
1983,Arizona,59.20000000000001
1984,Arizona,59.44166666666667
1985,Arizona,59.55000000000001
1986,Arizona,60.57500000000001
1987,Arizona,59.32499999999999
1988,Arizona,60.225
1989,Arizona,61.225
1990,Arizona,59.73333333333333
1991,Arizona,59.25
1992,Arizona,59.59166666666666
1993,Arizona,59.80833333333334
1994,Arizona,60.55000000000001
1995,Arizona,61.00833333333335
1996,Arizona,61.875
1997,Arizona,60.53333333333334
1998,Arizona,59.275000000000006
1999,Arizona,60.78333333333334
2000,Arizona,61.675000000000004
2001,Arizona,61.20833333333334
2002,Arizona,61.175000000000004
2003,Arizona,61.9
2004,Arizona,60.416666666666664
2005,Arizona,61.15
2006,Arizona,61.12499999999999
2007,Arizona,61.59166666666666
2008,Arizona,60.633333333333326
2009,Arizona,61.083333333333336
2010,Arizona,60.39166666666667
2011,Arizona,60.34166666666666
2012,Arizona,62.10833333333332
2013,Arizona,60.45833333333332
2014,Arizona,62.25
2015,Arizona,61.75
2016,Arizona,62.225
1956,Arkansas,61.40000000000001
1957,Arkansas,60.57500000000001
1958,Arkansas,58.76666666666667
1959,Arkansas,60.008333333333326
1960,Arkansas,58.883333333333326
1961,Arkansas,59.133333333333326
1962,Arkansas,60.30833333333333
1963,Arkansas,60.34166666666666
1964,Arkansas,60.67500000000001
1965,Arkansas,61.025
1966,Arkansas,59.17499999999999
1967,Arkansas,59.88333333333333
1968,Arkansas,58.666666666666664
1969,Arkansas,59.51666666666667
1970,Arkansas,59.73333333333333
1971,Arkansas,60.458333333333336
1972,Arkansas,60.03333333333333
1973,Arkansas,60.583333333333336
1974,Arkansas,60.26666666666668
1975,Arkansas,59.9
1976,Arkansas,58.76666666666667
1977,Arkansas,60.76666666666666
1978,Arkansas,58.900000000000006
1979,Arkansas,57.99166666666667
1980,Arkansas,60.49999999999999
1981,Arkansas,60.24166666666667
1982,Arkansas,59.96666666666666
1983,Arkansas,58.86666666666667
1984,Arkansas,60.05000000000002
1985,Arkansas,59.841666666666676
1986,Arkansas,61.525000000000006
1987,Arkansas,61.05833333333333
1988,Arkansas,59.75
1989,Arkansas,58.975000000000016
1990,Arkansas,61.850000000000016
1991,Arkansas,61.30833333333334
1992,Arkansas,59.89166666666668
1993,Arkansas,59.32500000000001
1994,Arkansas,60.40833333333333
1995,Arkansas,60.48333333333334
1996,Arkansas,59.56666666666667
1997,Arkansas,59.666666666666664
1998,Arkansas,63.1
1999,Arkansas,62.16666666666666
2000,Arkansas,60.89166666666666
2001,Arkansas,61.225
2002,Arkansas,60.58333333333334
2003,Arkansas,60.26666666666666
2004,Arkansas,61.03333333333333
2005,Arkansas,61.96666666666667
2006,Arkansas,61.991666666666674
2007,Arkansas,61.80833333333334
2008,Arkansas,59.85833333333333
2009,Arkansas,59.93333333333334
2010,Arkansas,61.17499999999999
2011,Arkansas,61.82499999999999
2012,Arkansas,63.616666666666674
2013,Arkansas,59.64166666666666
2014,Arkansas,58.66666666666666
2015,Arkansas,61.4
2016,Arkansas,62.74166666666667
1956,California,56.97499999999999
1957,California,57.09166666666667
1958,California,58.88333333333333
1959,California,58.95000000000001
1960,California,58.04999999999999
1961,California,57.81666666666667
1962,California,57.38333333333333
1963,California,57.08333333333334
1964,California,56.56666666666666
1965,California,56.725000000000016
1966,California,58.00833333333333
1967,California,57.5
1968,California,57.6
1969,California,57.5
1970,California,57.82500000000001
1971,California,56.208333333333336
1972,California,57.25833333333333
1973,California,57.29999999999999
1974,California,57.62499999999999
1975,California,56.275
1976,California,57.46666666666667
1977,California,57.98333333333332
1978,California,57.616666666666674
1979,California,57.675000000000004
1980,California,58.07500000000001
1981,California,59.300000000000004
1982,California,56.333333333333336
1983,California,57.558333333333344
1984,California,58.21666666666667
1985,California,57.333333333333336
1986,California,58.88333333333335
1987,California,58.28333333333333
1988,California,58.75
1989,California,58.11666666666665
1990,California,57.96666666666667
1991,California,58.14166666666667
1992,California,59.28333333333333
1993,California,57.658333333333324
1994,California,58.00833333333333
1995,California,58.94166666666666
1996,California,59.56666666666667
1997,California,59.133333333333326
1998,California,56.71666666666667
1999,California,57.958333333333336
2000,California,58.79999999999999
2001,California,59.11666666666667
2002,California,58.849999999999994
2003,California,59.43333333333333
2004,California,58.85833333333335
2005,California,58.60833333333334
2006,California,58.64166666666666
2007,California,58.93333333333334
2008,California,58.91666666666666
2009,California,58.84166666666666
2010,California,57.724999999999994
2011,California,57.449999999999996
2012,California,59.50833333333333
2013,California,59.31666666666666
2014,California,61.449999999999996
2015,California,60.75
2016,California,60.15833333333333
1956,Colorado,45.09166666666667
1957,Colorado,44.11666666666667
1958,Colorado,45.50833333333333
1959,Colorado,44.775
1960,Colorado,44.21666666666667
1961,Colorado,43.85833333333334
1962,Colorado,45.06666666666667
1963,Colorado,46.18333333333334
1964,Colorado,43.59166666666666
1965,Colorado,44.18333333333334
1966,Colorado,44.62500000000001
1967,Colorado,44.76666666666666
1968,Colorado,43.633333333333326
1969,Colorado,44.68333333333334
1970,Colorado,44.300000000000004
1971,Colorado,44.06666666666667
1972,Colorado,44.6
1973,Colorado,43.375
1974,Colorado,44.416666666666664
1975,Colorado,43.50833333333333
1976,Colorado,44.69999999999999
1977,Colorado,46.291666666666664
1978,Colorado,44.541666666666664
1979,Colorado,43.5
1980,Colorado,45.599999999999994
1981,Colorado,47.06666666666667
1982,Colorado,44.09166666666667
1983,Colorado,44.40833333333333
1984,Colorado,43.69166666666666
1985,Colorado,44.13333333333333
1986,Colorado,46.32499999999999
1987,Colorado,45.25833333333333
1988,Colorado,45.10833333333333
1989,Colorado,45.39166666666667
1990,Colorado,45.599999999999994
1991,Colorado,45.04166666666666
1992,Colorado,45.275000000000006
1993,Colorado,43.833333333333336
1994,Colorado,46.51666666666667
1995,Colorado,45.699999999999996
1996,Colorado,45.775
1997,Colorado,44.84166666666667
1998,Colorado,46.25
1999,Colorado,46.64166666666666
2000,Colorado,47.00833333333333
2001,Colorado,46.86666666666667
2002,Colorado,46.083333333333336
2003,Colorado,47.04166666666668
2004,Colorado,45.85833333333333
2005,Colorado,46.775000000000006
2006,Colorado,46.508333333333326
2007,Colorado,46.19166666666666
2008,Colorado,44.94166666666666
2009,Colorado,45.18333333333333
2010,Colorado,46.15833333333333
2011,Colorado,45.43333333333334
2012,Colorado,48.31666666666666
2013,Colorado,45.09166666666667
2014,Colorado,46.074999999999996
2015,Colorado,47.43333333333333
2016,Colorado,47.291666666666664
1956,Connecticut,47.61666666666667
1957,Connecticut,49.21666666666666
1958,Connecticut,46.625
1959,Connecticut,49.21666666666667
1960,Connecticut,47.98333333333334
1961,Connecticut,48.291666666666664
1962,Connecticut,46.75000000000001
1963,Connecticut,47.199999999999996
1964,Connecticut,48.0
1965,Connecticut,47.53333333333333
1966,Connecticut,47.949999999999996
1967,Connecticut,47.13333333333333
1968,Connecticut,47.75
1969,Connecticut,47.958333333333336
1970,Connecticut,47.75
1971,Connecticut,48.26666666666666
1972,Connecticut,47.300000000000004
1973,Connecticut,50.04999999999999
1974,Connecticut,48.23333333333334
1975,Connecticut,49.05833333333333
1976,Connecticut,47.59166666666666
1977,Connecticut,48.19166666666667
1978,Connecticut,46.73333333333333
1979,Connecticut,48.833333333333336
1980,Connecticut,47.941666666666656
1981,Connecticut,48.40833333333334
1982,Connecticut,47.95000000000001
1983,Connecticut,49.41666666666668
1984,Connecticut,48.95000000000001
1985,Connecticut,48.66666666666666
1986,Connecticut,48.49999999999999
1987,Connecticut,48.82500000000001
1988,Connecticut,48.324999999999996
1989,Connecticut,47.94166666666666
1990,Connecticut,51.06666666666666
1991,Connecticut,50.958333333333336
1992,Connecticut,47.68333333333333
1993,Connecticut,48.650000000000006
1994,Connecticut,48.86666666666667
1995,Connecticut,49.041666666666664
1996,Connecticut,48.375
1997,Connecticut,48.65833333333334
1998,Connecticut,51.59166666666667
1999,Connecticut,50.849999999999994
2000,Connecticut,48.53333333333333
2001,Connecticut,50.24166666666667
2002,Connecticut,50.46666666666666
2003,Connecticut,48.166666666666664
2004,Connecticut,48.76666666666666
2005,Connecticut,49.50833333333333
2006,Connecticut,51.13333333333333
2007,Connecticut,49.53333333333333
2008,Connecticut,49.708333333333336
2009,Connecticut,48.84166666666667
2010,Connecticut,51.35
2011,Connecticut,50.85833333333333
2012,Connecticut,52.46666666666666
2013,Connecticut,49.791666666666664
2014,Connecticut,48.68333333333334
2015,Connecticut,49.84166666666667
2016,Connecticut,51.62499999999999
1956,Delaware,54.30833333333334
1957,Delaware,55.14166666666667
1958,Delaware,52.43333333333333
1959,Delaware,55.74166666666667
1960,Delaware,53.466666666666676
1961,Delaware,53.958333333333336
1962,Delaware,52.875
1963,Delaware,53.01666666666667
1964,Delaware,54.183333333333316
1965,Delaware,53.649999999999984
1966,Delaware,53.34166666666666
1967,Delaware,52.61666666666667
1968,Delaware,53.916666666666664
1969,Delaware,53.4
1970,Delaware,53.958333333333336
1971,Delaware,54.55000000000001
1972,Delaware,53.574999999999996
1973,Delaware,55.625
1974,Delaware,54.65833333333333
1975,Delaware,55.21666666666667
1976,Delaware,53.775
1977,Delaware,54.62500000000001
1978,Delaware,52.90833333333333
1979,Delaware,53.775000000000006
1980,Delaware,54.08333333333332
1981,Delaware,53.59166666666667
1982,Delaware,53.98333333333333
1983,Delaware,54.90833333333333
1984,Delaware,54.69166666666666
1985,Delaware,55.35833333333333
1986,Delaware,55.09166666666666
1987,Delaware,54.900000000000006
1988,Delaware,54.10833333333333
1989,Delaware,54.19166666666666
1990,Delaware,57.19166666666667
1991,Delaware,56.94166666666666
1992,Delaware,53.90833333333333
1993,Delaware,54.84166666666667
1994,Delaware,55.025
1995,Delaware,55.11666666666667
1996,Delaware,54.025
1997,Delaware,54.84166666666667
1998,Delaware,57.40833333333333
1999,Delaware,56.508333333333326
2000,Delaware,54.741666666666674
2001,Delaware,56.1
2002,Delaware,57.15
2003,Delaware,54.583333333333336
2004,Delaware,55.833333333333336
2005,Delaware,55.724999999999994
2006,Delaware,57.33333333333332
2007,Delaware,56.28333333333334
2008,Delaware,56.32500000000001
2009,Delaware,55.42500000000001
2010,Delaware,56.666666666666664
2011,Delaware,57.425000000000004
2012,Delaware,58.46666666666667
2013,Delaware,55.82500000000001
2014,Delaware,54.71666666666667
2015,Delaware,56.425000000000004
2016,Delaware,57.224999999999994
1956,Florida,69.94166666666668
1957,Florida,70.99166666666666
1958,Florida,68.98333333333332
1959,Florida,70.61666666666667
1960,Florida,69.31666666666666
1961,Florida,70.00833333333334
1962,Florida,69.85000000000001
1963,Florida,69.21666666666667
1964,Florida,70.05
1965,Florida,70.20833333333333
1966,Florida,69.01666666666667
1967,Florida,70.225
1968,Florida,68.60833333333333
1969,Florida,69.00000000000001
1970,Florida,69.44166666666666
1971,Florida,70.425
1972,Florida,70.96666666666667
1973,Florida,70.25833333333334
1974,Florida,70.87499999999999
1975,Florida,71.20833333333333
1976,Florida,68.97500000000001
1977,Florida,69.44166666666666
1978,Florida,69.75000000000001
1979,Florida,69.875
1980,Florida,69.94166666666666
1981,Florida,69.26666666666667
1982,Florida,71.525
1983,Florida,69.26666666666667
1984,Florida,69.97500000000001
1985,Florida,70.83333333333333
1986,Florida,71.46666666666668
1987,Florida,70.18333333333334
1988,Florida,69.71666666666665
1989,Florida,70.95833333333334
1990,Florida,72.49166666666666
1991,Florida,71.78333333333335
1992,Florida,70.28333333333335
1993,Florida,70.30000000000001
1994,Florida,71.55
1995,Florida,70.80833333333332
1996,Florida,69.89999999999999
1997,Florida,71.14166666666667
1998,Florida,72.50833333333334
1999,Florida,71.16666666666667
2000,Florida,70.58333333333333
2001,Florida,70.94166666666668
2002,Florida,71.30833333333334
2003,Florida,70.88333333333334
2004,Florida,70.825
2005,Florida,70.84166666666665
2006,Florida,71.36666666666666
2007,Florida,71.75
2008,Florida,70.825
2009,Florida,71.16666666666666
2010,Florida,69.19166666666666
2011,Florida,71.68333333333334
2012,Florida,71.89166666666667
2013,Florida,71.69166666666668
2014,Florida,70.64166666666668
2015,Florida,73.35833333333333
2016,Florida,72.50833333333334
1956,Georgia,63.78333333333334
1957,Georgia,64.1
1958,Georgia,61.841666666666676
1959,Georgia,63.525
1960,Georgia,62.01666666666666
1961,Georgia,62.59166666666667
1962,Georgia,63.09166666666666
1963,Georgia,61.88333333333333
1964,Georgia,62.56666666666666
1965,Georgia,63.149999999999984
1966,Georgia,61.725
1967,Georgia,62.43333333333334
1968,Georgia,61.625
1969,Georgia,61.70000000000001
1970,Georgia,62.833333333333336
1971,Georgia,63.324999999999996
1972,Georgia,63.46666666666667
1973,Georgia,63.45000000000001
1974,Georgia,63.833333333333336
1975,Georgia,63.725000000000016
1976,Georgia,61.475000000000016
1977,Georgia,62.84999999999999
1978,Georgia,62.60833333333332
1979,Georgia,62.26666666666667
1980,Georgia,63.03333333333334
1981,Georgia,62.349999999999994
1982,Georgia,63.93333333333333
1983,Georgia,61.925000000000004
1984,Georgia,63.324999999999996
1985,Georgia,63.75833333333333
1986,Georgia,65.04166666666667
1987,Georgia,63.275000000000006
1988,Georgia,62.4
1989,Georgia,63.225
1990,Georgia,65.65833333333333
1991,Georgia,64.55
1992,Georgia,62.74166666666665
1993,Georgia,63.241666666666674
1994,Georgia,63.63333333333333
1995,Georgia,63.49166666666665
1996,Georgia,62.650000000000006
1997,Georgia,63.21666666666666
1998,Georgia,65.69166666666666
1999,Georgia,64.49166666666666
2000,Georgia,63.35833333333334
2001,Georgia,63.94166666666667
2002,Georgia,64.35833333333333
2003,Georgia,63.316666666666656
2004,Georgia,63.975
2005,Georgia,63.79166666666666
2006,Georgia,64.55
2007,Georgia,64.8
2008,Georgia,63.51666666666667
2009,Georgia,63.41666666666668
2010,Georgia,62.95833333333332
2011,Georgia,64.65
2012,Georgia,65.5
2013,Georgia,63.400000000000006
2014,Georgia,62.96666666666667
2015,Georgia,65.31666666666666
2016,Georgia,65.84166666666667
1956,Idaho,42.00833333333333
1957,Idaho,42.06666666666667
1958,Idaho,44.48333333333333
1959,Idaho,42.63333333333333
1960,Idaho,42.275
1961,Idaho,43.583333333333336
1962,Idaho,42.43333333333333
1963,Idaho,43.49166666666667
1964,Idaho,40.6
1965,Idaho,42.47500000000001
1966,Idaho,43.475
1967,Idaho,43.59166666666666
1968,Idaho,42.30833333333334
1969,Idaho,42.75833333333333
1970,Idaho,42.48333333333333
1971,Idaho,41.708333333333336
1972,Idaho,42.13333333333333
1973,Idaho,42.78333333333333
1974,Idaho,43.041666666666664
1975,Idaho,41.166666666666664
1976,Idaho,42.15
1977,Idaho,42.99166666666667
1978,Idaho,42.38333333333333
1979,Idaho,42.36666666666667
1980,Idaho,43.25833333333333
1981,Idaho,44.34166666666667
1982,Idaho,41.05833333333333
1983,Idaho,42.883333333333326
1984,Idaho,40.76666666666667
1985,Idaho,39.67499999999999
1986,Idaho,44.07499999999999
1987,Idaho,44.50833333333333
1988,Idaho,44.175000000000004
1989,Idaho,42.75
1990,Idaho,43.458333333333336
1991,Idaho,43.275
1992,Idaho,44.98333333333333
1993,Idaho,40.925000000000004
1994,Idaho,44.324999999999996
1995,Idaho,43.65833333333334
1996,Idaho,43.166666666666664
1997,Idaho,43.23333333333333
1998,Idaho,44.324999999999996
1999,Idaho,43.59166666666667
2000,Idaho,43.93333333333334
2001,Idaho,44.25833333333333
2002,Idaho,42.96666666666667
2003,Idaho,45.375
2004,Idaho,44.15
2005,Idaho,43.583333333333336
2006,Idaho,44.18333333333334
2007,Idaho,44.78333333333333
2008,Idaho,42.525000000000006
2009,Idaho,42.81666666666667
2010,Idaho,43.333333333333336
2011,Idaho,42.38333333333333
2012,Idaho,45.099999999999994
2013,Idaho,43.708333333333336
2014,Idaho,45.1
2015,Idaho,46.375
2016,Idaho,45.150000000000006
1956,Illinois,52.650000000000006
1957,Illinois,51.84166666666666
1958,Illinois,50.06666666666667
1959,Illinois,51.89166666666666
1960,Illinois,50.324999999999996
1961,Illinois,51.11666666666667
1962,Illinois,50.908333333333324
1963,Illinois,50.68333333333333
1964,Illinois,52.491666666666674
1965,Illinois,51.949999999999996
1966,Illinois,50.57500000000001
1967,Illinois,50.55833333333333
1968,Illinois,51.14166666666667
1969,Illinois,50.408333333333324
1970,Illinois,51.21666666666667
1971,Illinois,52.225
1972,Illinois,50.32500000000001
1973,Illinois,53.04999999999999
1974,Illinois,51.61666666666667
1975,Illinois,51.99166666666667
1976,Illinois,50.37499999999999
1977,Illinois,51.50833333333333
1978,Illinois,49.574999999999996
1979,Illinois,49.37499999999999
1980,Illinois,51.30833333333334
1981,Illinois,51.75
1982,Illinois,50.68333333333333
1983,Illinois,51.99999999999999
1984,Illinois,51.81666666666666
1985,Illinois,50.650000000000006
1986,Illinois,52.83333333333332
1987,Illinois,54.091666666666676
1988,Illinois,52.11666666666667
1989,Illinois,50.400000000000006
1990,Illinois,53.55833333333333
1991,Illinois,53.74166666666667
1992,Illinois,51.89166666666668
1993,Illinois,50.88333333333333
1994,Illinois,52.00000000000001
1995,Illinois,51.60833333333334
1996,Illinois,50.125
1997,Illinois,50.96666666666667
1998,Illinois,55.216666666666676
1999,Illinois,53.541666666666664
2000,Illinois,52.20000000000001
2001,Illinois,53.39166666666666
2002,Illinois,53.241666666666674
2003,Illinois,51.71666666666666
2004,Illinois,52.583333333333336
2005,Illinois,53.69166666666667
2006,Illinois,53.99999999999999
2007,Illinois,53.683333333333344
2008,Illinois,50.925000000000004
2009,Illinois,51.425000000000004
2010,Illinois,52.89166666666667
2011,Illinois,53.15
2012,Illinois,55.775
2013,Illinois,51.083333333333336
2014,Illinois,49.49166666666667
2015,Illinois,52.89166666666667
2016,Illinois,54.724999999999994
1956,Indiana,52.125
1957,Indiana,51.616666666666674
1958,Indiana,49.449999999999996
1959,Indiana,51.99166666666665
1960,Indiana,50.06666666666666
1961,Indiana,50.824999999999996
1962,Indiana,50.51666666666667
1963,Indiana,49.64166666666666
1964,Indiana,51.94999999999999
1965,Indiana,51.56666666666666
1966,Indiana,50.15833333333333
1967,Indiana,50.28333333333334
1968,Indiana,50.71666666666667
1969,Indiana,50.14166666666666
1970,Indiana,50.98333333333333
1971,Indiana,51.574999999999996
1972,Indiana,50.224999999999994
1973,Indiana,52.916666666666664
1974,Indiana,51.29166666666668
1975,Indiana,52.0
1976,Indiana,49.96666666666667
1977,Indiana,51.041666666666664
1978,Indiana,49.050000000000004
1979,Indiana,49.24999999999999
1980,Indiana,50.54166666666666
1981,Indiana,50.80833333333334
1982,Indiana,50.71666666666666
1983,Indiana,51.81666666666666
1984,Indiana,51.275
1985,Indiana,51.025000000000006
1986,Indiana,52.400000000000006
1987,Indiana,53.224999999999994
1988,Indiana,51.291666666666664
1989,Indiana,50.18333333333334
1990,Indiana,53.291666666666664
1991,Indiana,53.71666666666667
1992,Indiana,51.28333333333333
1993,Indiana,50.775
1994,Indiana,51.5
1995,Indiana,51.49999999999999
1996,Indiana,50.05833333333334
1997,Indiana,50.5
1998,Indiana,54.94999999999999
1999,Indiana,53.23333333333333
2000,Indiana,51.574999999999996
2001,Indiana,53.166666666666664
2002,Indiana,53.116666666666674
2003,Indiana,51.074999999999996
2004,Indiana,52.21666666666666
2005,Indiana,52.85833333333334
2006,Indiana,53.425000000000004
2007,Indiana,53.30833333333334
2008,Indiana,51.04166666666668
2009,Indiana,51.29166666666666
2010,Indiana,52.60833333333332
2011,Indiana,53.06666666666666
2012,Indiana,55.14166666666668
2013,Indiana,51.208333333333336
2014,Indiana,49.40833333333333
2015,Indiana,52.30833333333334
2016,Indiana,54.258333333333326
1956,Iowa,48.10833333333333
1957,Iowa,47.54166666666666
1958,Iowa,46.85833333333333
1959,Iowa,46.89166666666666
1960,Iowa,46.1
1961,Iowa,46.69166666666667
1962,Iowa,46.475
1963,Iowa,47.69166666666666
1964,Iowa,48.525000000000006
1965,Iowa,46.73333333333333
1966,Iowa,46.383333333333326
1967,Iowa,46.633333333333326
1968,Iowa,47.62500000000001
1969,Iowa,46.050000000000004
1970,Iowa,46.92499999999999
1971,Iowa,47.43333333333334
1972,Iowa,45.508333333333326
1973,Iowa,48.74166666666667
1974,Iowa,47.61666666666667
1975,Iowa,47.39166666666666
1976,Iowa,47.36666666666667
1977,Iowa,48.366666666666674
1978,Iowa,45.31666666666666
1979,Iowa,45.13333333333333
1980,Iowa,48.01666666666667
1981,Iowa,48.966666666666676
1982,Iowa,46.083333333333336
1983,Iowa,47.65833333333333
1984,Iowa,47.77500000000001
1985,Iowa,45.900000000000006
1986,Iowa,48.55833333333333
1987,Iowa,51.18333333333334
1988,Iowa,48.708333333333336
1989,Iowa,46.599999999999994
1990,Iowa,49.46666666666666
1991,Iowa,48.591666666666676
1992,Iowa,47.85
1993,Iowa,45.675000000000004
1994,Iowa,47.46666666666666
1995,Iowa,47.258333333333326
1996,Iowa,45.18333333333334
1997,Iowa,47.116666666666674
1998,Iowa,50.93333333333334
1999,Iowa,49.65833333333333
2000,Iowa,48.633333333333326
2001,Iowa,49.06666666666667
2002,Iowa,49.166666666666664
2003,Iowa,47.916666666666664
2004,Iowa,48.525000000000006
2005,Iowa,49.61666666666667
2006,Iowa,50.39166666666666
2007,Iowa,48.89166666666667
2008,Iowa,45.916666666666664
2009,Iowa,46.699999999999996
2010,Iowa,48.19166666666666
2011,Iowa,48.416666666666664
2012,Iowa,52.08333333333334
2013,Iowa,46.65833333333333
2014,Iowa,45.458333333333336
2015,Iowa,49.26666666666666
2016,Iowa,50.708333333333336
1956,Kansas,55.93333333333334
1957,Kansas,53.650000000000006
1958,Kansas,53.15833333333333
1959,Kansas,53.583333333333336
1960,Kansas,52.666666666666664
1961,Kansas,52.65833333333333
1962,Kansas,54.31666666666666
1963,Kansas,55.84166666666666
1964,Kansas,54.87500000000001
1965,Kansas,54.46666666666666
1966,Kansas,53.466666666666676
1967,Kansas,53.849999999999994
1968,Kansas,53.48333333333333
1969,Kansas,53.14166666666667
1970,Kansas,54.008333333333326
1971,Kansas,53.85
1972,Kansas,53.199999999999996
1973,Kansas,53.991666666666674
1974,Kansas,54.37500000000001
1975,Kansas,53.73333333333333
1976,Kansas,54.20000000000001
1977,Kansas,55.44999999999999
1978,Kansas,52.699999999999996
1979,Kansas,52.30000000000001
1980,Kansas,55.083333333333336
1981,Kansas,55.67499999999999
1982,Kansas,53.04166666666666
1983,Kansas,53.19166666666667
1984,Kansas,53.975
1985,Kansas,52.541666666666664
1986,Kansas,56.20833333333332
1987,Kansas,55.46666666666666
1988,Kansas,54.73333333333333
1989,Kansas,53.14166666666667
1990,Kansas,55.50833333333333
1991,Kansas,55.71666666666665
1992,Kansas,54.158333333333324
1993,Kansas,51.949999999999996
1994,Kansas,54.916666666666664
1995,Kansas,53.93333333333333
1996,Kansas,53.08333333333334
1997,Kansas,53.666666666666664
1998,Kansas,56.324999999999996
1999,Kansas,55.99166666666665
2000,Kansas,55.550000000000004
2001,Kansas,55.91666666666668
2002,Kansas,55.18333333333333
2003,Kansas,54.96666666666667
2004,Kansas,55.07500000000001
2005,Kansas,55.89166666666667
2006,Kansas,56.88333333333333
2007,Kansas,55.074999999999996
2008,Kansas,53.59166666666667
2009,Kansas,53.599999999999994
2010,Kansas,55.275
2011,Kansas,55.20833333333334
2012,Kansas,58.225
2013,Kansas,53.725
2014,Kansas,53.708333333333336
2015,Kansas,56.30833333333333
2016,Kansas,57.16666666666666
1956,Kentucky,56.099999999999994
1957,Kentucky,56.09166666666667
1958,Kentucky,53.04166666666668
1959,Kentucky,55.833333333333336
1960,Kentucky,53.64166666666666
1961,Kentucky,54.49166666666667
1962,Kentucky,54.666666666666664
1963,Kentucky,53.675000000000004
1964,Kentucky,55.59166666666667
1965,Kentucky,55.59166666666666
1966,Kentucky,53.775000000000006
1967,Kentucky,54.400000000000006
1968,Kentucky,54.0
1969,Kentucky,53.9
1970,Kentucky,55.041666666666664
1971,Kentucky,55.44166666666666
1972,Kentucky,54.741666666666674
1973,Kentucky,56.25833333333333
1974,Kentucky,55.458333333333336
1975,Kentucky,55.775
1976,Kentucky,53.33333333333332
1977,Kentucky,54.791666666666664
1978,Kentucky,53.39166666666666
1979,Kentucky,53.43333333333333
1980,Kentucky,54.633333333333326
1981,Kentucky,54.34166666666667
1982,Kentucky,55.316666666666656
1983,Kentucky,55.05000000000001
1984,Kentucky,55.324999999999996
1985,Kentucky,55.041666666666664
1986,Kentucky,56.62500000000001
1987,Kentucky,56.475
1988,Kentucky,54.816666666666684
1989,Kentucky,54.34166666666667
1990,Kentucky,57.32500000000001
1991,Kentucky,57.37499999999999
1992,Kentucky,55.08333333333334
1993,Kentucky,55.0
1994,Kentucky,55.39166666666667
1995,Kentucky,55.366666666666674
1996,Kentucky,54.40833333333333
1997,Kentucky,54.491666666666674
1998,Kentucky,58.19166666666667
1999,Kentucky,57.258333333333326
2000,Kentucky,55.66666666666668
2001,Kentucky,56.59166666666667
2002,Kentucky,56.85
2003,Kentucky,55.241666666666674
2004,Kentucky,56.40833333333333
2005,Kentucky,56.79166666666666
2006,Kentucky,56.816666666666656
2007,Kentucky,57.71666666666666
2008,Kentucky,55.366666666666674
2009,Kentucky,55.39166666666667
2010,Kentucky,56.01666666666668
2011,Kentucky,56.93333333333334
2012,Kentucky,58.41666666666668
2013,Kentucky,55.041666666666664
2014,Kentucky,54.35833333333334
2015,Kentucky,56.574999999999996
2016,Kentucky,58.025
1956,Louisiana,67.03333333333333
1957,Louisiana,67.08333333333333
1958,Louisiana,64.95
1959,Louisiana,65.8
1960,Louisiana,65.14166666666667
1961,Louisiana,65.06666666666666
1962,Louisiana,66.49166666666666
1963,Louisiana,65.86666666666666
1964,Louisiana,66.08333333333333
1965,Louisiana,66.84166666666668
1966,Louisiana,65.175
1967,Louisiana,65.775
1968,Louisiana,64.36666666666669
1969,Louisiana,65.63333333333333
1970,Louisiana,65.375
1971,Louisiana,66.49166666666666
1972,Louisiana,66.48333333333333
1973,Louisiana,66.24166666666666
1974,Louisiana,66.52499999999999
1975,Louisiana,66.09166666666665
1976,Louisiana,64.33333333333333
1977,Louisiana,66.05833333333332
1978,Louisiana,65.08333333333333
1979,Louisiana,64.55
1980,Louisiana,66.05
1981,Louisiana,66.05000000000001
1982,Louisiana,66.69166666666666
1983,Louisiana,64.36666666666666
1984,Louisiana,66.31666666666668
1985,Louisiana,66.35833333333332
1986,Louisiana,67.30833333333332
1987,Louisiana,65.99999999999999
1988,Louisiana,65.63333333333333
1989,Louisiana,65.45
1990,Louisiana,67.81666666666668
1991,Louisiana,66.91666666666666
1992,Louisiana,65.84166666666665
1993,Louisiana,65.60833333333333
1994,Louisiana,66.46666666666667
1995,Louisiana,66.78333333333333
1996,Louisiana,66.15833333333335
1997,Louisiana,66.04166666666667
1998,Louisiana,68.66666666666667
1999,Louisiana,67.875
2000,Louisiana,67.24166666666666
2001,Louisiana,66.66666666666666
2002,Louisiana,66.64166666666667
2003,Louisiana,66.375
2004,Louisiana,67.14166666666667
2005,Louisiana,67.525
2006,Louisiana,67.77499999999999
2007,Louisiana,67.39166666666667
2008,Louisiana,66.64999999999999
2009,Louisiana,66.85000000000001
2010,Louisiana,66.45833333333333
2011,Louisiana,67.73333333333333
2012,Louisiana,68.71666666666667
2013,Louisiana,66.25833333333334
2014,Louisiana,65.08333333333334
2015,Louisiana,68.10000000000001
2016,Louisiana,68.73333333333333
1956,Maine,39.333333333333336
1957,Maine,41.083333333333336
1958,Maine,39.61666666666667
1959,Maine,40.70833333333333
1960,Maine,41.233333333333334
1961,Maine,40.73333333333333
1962,Maine,39.00833333333333
1963,Maine,39.59166666666667
1964,Maine,40.1
1965,Maine,39.300000000000004
1966,Maine,41.083333333333336
1967,Maine,39.416666666666664
1968,Maine,39.75000000000001
1969,Maine,40.9
1970,Maine,40.10833333333334
1971,Maine,40.0
1972,Maine,38.516666666666666
1973,Maine,42.25833333333333
1974,Maine,39.6
1975,Maine,40.833333333333336
1976,Maine,39.53333333333333
1977,Maine,40.483333333333334
1978,Maine,39.300000000000004
1979,Maine,41.84166666666667
1980,Maine,39.550000000000004
1981,Maine,41.79166666666668
1982,Maine,39.85833333333333
1983,Maine,42.12499999999999
1984,Maine,41.358333333333334
1985,Maine,39.916666666666664
1986,Maine,40.074999999999996
1987,Maine,41.06666666666667
1988,Maine,40.925
1989,Maine,39.28333333333333
1990,Maine,42.40833333333333
1991,Maine,41.708333333333336
1992,Maine,39.824999999999996
1993,Maine,39.949999999999996
1994,Maine,40.42499999999999
1995,Maine,40.949999999999996
1996,Maine,40.975
1997,Maine,39.80833333333333
1998,Maine,43.508333333333326
1999,Maine,43.800000000000004
2000,Maine,40.94166666666667
2001,Maine,42.666666666666664
2002,Maine,41.708333333333336
2003,Maine,40.458333333333336
2004,Maine,40.449999999999996
2005,Maine,41.858333333333334
2006,Maine,43.974999999999994
2007,Maine,40.725
2008,Maine,41.61666666666667
2009,Maine,40.86666666666666
2010,Maine,44.64166666666666
2011,Maine,42.82500000000001
2012,Maine,43.85833333333332
2013,Maine,41.983333333333334
2014,Maine,41.19166666666667
2015,Maine,41.225
2016,Maine,43.25
1956,Maryland,53.849999999999994
1957,Maryland,54.56666666666666
1958,Maryland,52.03333333333334
1959,Maryland,55.23333333333332
1960,Maryland,52.866666666666674
1961,Maryland,53.53333333333333
1962,Maryland,52.50833333333333
1963,Maryland,52.475
1964,Maryland,53.791666666666664
1965,Maryland,53.46666666666667
1966,Maryland,52.866666666666674
1967,Maryland,52.425000000000004
1968,Maryland,53.349999999999994
1969,Maryland,53.01666666666666
1970,Maryland,53.675000000000004
1971,Maryland,54.05833333333334
1972,Maryland,53.11666666666667
1973,Maryland,55.08333333333332
1974,Maryland,54.23333333333333
1975,Maryland,54.60833333333334
1976,Maryland,53.15
1977,Maryland,53.93333333333333
1978,Maryland,52.491666666666674
1979,Maryland,53.07500000000001
1980,Maryland,53.55833333333334
1981,Maryland,53.09166666666666
1982,Maryland,53.59166666666667
1983,Maryland,54.15833333333334
1984,Maryland,54.150000000000006
1985,Maryland,54.76666666666667
1986,Maryland,54.599999999999994
1987,Maryland,54.70000000000001
1988,Maryland,53.675000000000004
1989,Maryland,53.541666666666664
1990,Maryland,56.60833333333334
1991,Maryland,56.5
1992,Maryland,53.49999999999999
1993,Maryland,54.225000000000016
1994,Maryland,54.35833333333334
1995,Maryland,54.40833333333333
1996,Maryland,53.241666666666674
1997,Maryland,54.06666666666666
1998,Maryland,57.025000000000006
1999,Maryland,55.708333333333336
2000,Maryland,54.13333333333335
2001,Maryland,55.333333333333336
2002,Maryland,56.291666666666664
2003,Maryland,53.93333333333334
2004,Maryland,55.16666666666668
2005,Maryland,55.18333333333334
2006,Maryland,56.53333333333333
2007,Maryland,55.69166666666666
2008,Maryland,55.324999999999996
2009,Maryland,54.61666666666667
2010,Maryland,55.86666666666667
2011,Maryland,56.525
2012,Maryland,57.5
2013,Maryland,54.71666666666667
2014,Maryland,53.591666666666676
2015,Maryland,55.48333333333334
2016,Maryland,56.425000000000004
1956,Massachusetts,46.35833333333332
1957,Massachusetts,48.23333333333334
1958,Massachusetts,45.70833333333334
1959,Massachusetts,47.9
1960,Massachusetts,46.875
1961,Massachusetts,47.041666666666664
1962,Massachusetts,45.56666666666666
1963,Massachusetts,46.31666666666666
1964,Massachusetts,46.80833333333334
1965,Massachusetts,46.30833333333334
1966,Massachusetts,46.89166666666666
1967,Massachusetts,46.01666666666666
1968,Massachusetts,46.49166666666667
1969,Massachusetts,47.166666666666664
1970,Massachusetts,46.666666666666664
1971,Massachusetts,47.06666666666666
1972,Massachusetts,45.94166666666666
1973,Massachusetts,48.98333333333334
1974,Massachusetts,47.10833333333334
1975,Massachusetts,48.00000000000001
1976,Massachusetts,46.58333333333332
1977,Massachusetts,47.14166666666666
1978,Massachusetts,45.70000000000001
1979,Massachusetts,47.875
1980,Massachusetts,46.583333333333336
1981,Massachusetts,47.225
1982,Massachusetts,46.78333333333333
1983,Massachusetts,48.474999999999994
1984,Massachusetts,47.96666666666666
1985,Massachusetts,47.24999999999999
1986,Massachusetts,47.18333333333334
1987,Massachusetts,47.40833333333334
1988,Massachusetts,47.216666666666676
1989,Massachusetts,46.65
1990,Massachusetts,49.67499999999999
1991,Massachusetts,49.56666666666666
1992,Massachusetts,46.4
1993,Massachusetts,47.30833333333334
1994,Massachusetts,47.65833333333334
1995,Massachusetts,47.800000000000004
1996,Massachusetts,47.333333333333336
1997,Massachusetts,47.366666666666674
1998,Massachusetts,50.375
1999,Massachusetts,49.78333333333333
2000,Massachusetts,47.51666666666667
2001,Massachusetts,49.09166666666666
2002,Massachusetts,49.349999999999994
2003,Massachusetts,47.11666666666667
2004,Massachusetts,47.625
2005,Massachusetts,48.400000000000006
2006,Massachusetts,50.11666666666667
2007,Massachusetts,48.29166666666668
2008,Massachusetts,48.62499999999999
2009,Massachusetts,47.75
2010,Massachusetts,50.35
2011,Massachusetts,49.666666666666664
2012,Massachusetts,51.349999999999994
2013,Massachusetts,48.816666666666656
2014,Massachusetts,47.73333333333334
2015,Massachusetts,48.45833333333332
2016,Massachusetts,50.291666666666664
1956,Michigan,43.45000000000001
1957,Michigan,43.625
1958,Michigan,42.883333333333326
1959,Michigan,43.76666666666667
1960,Michigan,43.26666666666667
1961,Michigan,44.15
1962,Michigan,42.916666666666664
1963,Michigan,42.89166666666667
1964,Michigan,44.699999999999996
1965,Michigan,42.975
1966,Michigan,43.349999999999994
1967,Michigan,42.641666666666666
1968,Michigan,44.008333333333326
1969,Michigan,43.425000000000004
1970,Michigan,43.583333333333336
1971,Michigan,43.99166666666667
1972,Michigan,41.724999999999994
1973,Michigan,45.61666666666667
1974,Michigan,43.28333333333334
1975,Michigan,44.60833333333333
1976,Michigan,42.64999999999999
1977,Michigan,44.01666666666666
1978,Michigan,42.4
1979,Michigan,42.4
1980,Michigan,42.85833333333334
1981,Michigan,44.03333333333333
1982,Michigan,43.208333333333336
1983,Michigan,44.73333333333334
1984,Michigan,44.30833333333334
1985,Michigan,43.475
1986,Michigan,44.475
1987,Michigan,46.87500000000001
1988,Michigan,44.51666666666667
1989,Michigan,42.63333333333333
1990,Michigan,45.66666666666666
1991,Michigan,45.849999999999994
1992,Michigan,43.35
1993,Michigan,43.25
1994,Michigan,43.86666666666667
1995,Michigan,44.21666666666667
1996,Michigan,42.51666666666667
1997,Michigan,43.541666666666664
1998,Michigan,48.25833333333333
1999,Michigan,46.37499999999999
2000,Michigan,45.025
2001,Michigan,46.800000000000004
2002,Michigan,45.74166666666667
2003,Michigan,43.96666666666667
2004,Michigan,44.583333333333336
2005,Michigan,46.05833333333334
2006,Michigan,47.01666666666667
2007,Michigan,46.09166666666667
2008,Michigan,44.041666666666664
2009,Michigan,43.78333333333333
2010,Michigan,47.08333333333332
2011,Michigan,45.61666666666667
2012,Michigan,48.43333333333334
2013,Michigan,44.074999999999996
2014,Michigan,41.9
2015,Michigan,45.10833333333333
2016,Michigan,47.375
1956,Minnesota,39.633333333333326
1957,Minnesota,40.074999999999996
1958,Minnesota,40.6
1959,Minnesota,40.141666666666666
1960,Minnesota,39.841666666666676
1961,Minnesota,41.05833333333333
1962,Minnesota,39.766666666666666
1963,Minnesota,41.199999999999996
1964,Minnesota,40.875
1965,Minnesota,38.26666666666667
1966,Minnesota,38.59166666666666
1967,Minnesota,38.916666666666664
1968,Minnesota,40.583333333333336
1969,Minnesota,39.541666666666664
1970,Minnesota,39.108333333333334
1971,Minnesota,39.65
1972,Minnesota,37.675000000000004
1973,Minnesota,42.266666666666666
1974,Minnesota,40.150000000000006
1975,Minnesota,40.11666666666667
1976,Minnesota,40.49999999999999
1977,Minnesota,41.199999999999996
1978,Minnesota,39.050000000000004
1979,Minnesota,37.80833333333333
1980,Minnesota,40.708333333333336
1981,Minnesota,42.550000000000004
1982,Minnesota,39.025
1983,Minnesota,41.391666666666666
1984,Minnesota,41.325
1985,Minnesota,38.7
1986,Minnesota,41.49999999999999
1987,Minnesota,45.275
1988,Minnesota,41.550000000000004
1989,Minnesota,39.108333333333334
1990,Minnesota,42.458333333333336
1991,Minnesota,41.75833333333333
1992,Minnesota,40.89166666666667
1993,Minnesota,38.93333333333334
1994,Minnesota,40.92499999999999
1995,Minnesota,40.32500000000001
1996,Minnesota,37.625
1997,Minnesota,40.574999999999996
1998,Minnesota,44.90833333333333
1999,Minnesota,43.699999999999996
2000,Minnesota,41.825
2001,Minnesota,43.04999999999999
2002,Minnesota,42.05
2003,Minnesota,41.516666666666666
2004,Minnesota,41.300000000000004
2005,Minnesota,43.07500000000001
2006,Minnesota,44.4
2007,Minnesota,42.4
2008,Minnesota,39.44166666666666
2009,Minnesota,40.11666666666667
2010,Minnesota,42.85
2011,Minnesota,42.025
2012,Minnesota,45.208333333333336
2013,Minnesota,39.325
2014,Minnesota,38.666666666666664
2015,Minnesota,43.50833333333333
2016,Minnesota,44.541666666666664
1956,Mississippi,64.375
1957,Mississippi,64.26666666666667
1958,Mississippi,61.725
1959,Mississippi,63.300000000000004
1960,Mississippi,62.083333333333336
1961,Mississippi,62.333333333333336
1962,Mississippi,63.65833333333333
1963,Mississippi,62.68333333333334
1964,Mississippi,63.208333333333336
1965,Mississippi,63.849999999999994
1966,Mississippi,62.25
1967,Mississippi,62.55833333333334
1968,Mississippi,61.49999999999999
1969,Mississippi,62.30833333333333
1970,Mississippi,62.6
1971,Mississippi,63.38333333333333
1972,Mississippi,63.53333333333334
1973,Mississippi,63.74166666666667
1974,Mississippi,63.475
1975,Mississippi,63.300000000000004
1976,Mississippi,61.41666666666666
1977,Mississippi,63.31666666666667
1978,Mississippi,62.21666666666667
1979,Mississippi,61.625
1980,Mississippi,63.074999999999996
1981,Mississippi,63.09166666666667
1982,Mississippi,63.75833333333333
1983,Mississippi,61.69166666666667
1984,Mississippi,63.34166666666667
1985,Mississippi,63.199999999999996
1986,Mississippi,64.55833333333334
1987,Mississippi,63.53333333333333
1988,Mississippi,62.708333333333336
1989,Mississippi,62.44166666666667
1990,Mississippi,65.09166666666667
1991,Mississippi,64.34166666666667
1992,Mississippi,62.81666666666666
1993,Mississippi,62.708333333333336
1994,Mississippi,63.550000000000004
1995,Mississippi,63.60833333333333
1996,Mississippi,63.025
1997,Mississippi,62.925000000000004
1998,Mississippi,65.85833333333333
1999,Mississippi,65.025
2000,Mississippi,64.21666666666667
2001,Mississippi,63.70833333333334
2002,Mississippi,63.991666666666674
2003,Mississippi,63.275
2004,Mississippi,64.03333333333332
2005,Mississippi,64.28333333333335
2006,Mississippi,64.76666666666667
2007,Mississippi,64.95
2008,Mississippi,63.333333333333336
2009,Mississippi,63.64166666666667
2010,Mississippi,63.5
2011,Mississippi,64.45
2012,Mississippi,65.68333333333334
2013,Mississippi,63.09166666666667
2014,Mississippi,62.31666666666666
2015,Mississippi,65.29166666666667
2016,Mississippi,65.95833333333333
1956,Missouri,55.724999999999994
1957,Missouri,54.525000000000006
1958,Missouri,53.008333333333326
1959,Missouri,54.28333333333333
1960,Missouri,53.12500000000001
1961,Missouri,53.29999999999999
1962,Missouri,54.024999999999984
1963,Missouri,54.525
1964,Missouri,55.125
1965,Missouri,55.03333333333333
1966,Missouri,53.4
1967,Missouri,53.74166666666667
1968,Missouri,53.37499999999999
1969,Missouri,53.44166666666666
1970,Missouri,54.083333333333336
1971,Missouri,54.84166666666667
1972,Missouri,53.74166666666667
1973,Missouri,55.241666666666674
1974,Missouri,54.458333333333336
1975,Missouri,54.64166666666666
1976,Missouri,53.62499999999999
1977,Missouri,54.86666666666667
1978,Missouri,52.60833333333333
1979,Missouri,52.050000000000004
1980,Missouri,54.975
1981,Missouri,54.90833333333333
1982,Missouri,53.525
1983,Missouri,53.96666666666666
1984,Missouri,54.39166666666667
1985,Missouri,53.008333333333326
1986,Missouri,55.92499999999999
1987,Missouri,56.34166666666667
1988,Missouri,54.56666666666666
1989,Missouri,53.03333333333333
1990,Missouri,56.20000000000001
1991,Missouri,56.074999999999996
1992,Missouri,54.53333333333334
1993,Missouri,52.974999999999994
1994,Missouri,54.69166666666667
1995,Missouri,54.19166666666666
1996,Missouri,52.95000000000001
1997,Missouri,53.69166666666666
1998,Missouri,57.166666666666664
1999,Missouri,56.36666666666667
2000,Missouri,55.15
2001,Missouri,55.80833333333334
2002,Missouri,55.31666666666667
2003,Missouri,54.508333333333326
2004,Missouri,54.974999999999994
2005,Missouri,56.24999999999999
2006,Missouri,56.76666666666666
2007,Missouri,56.191666666666684
2008,Missouri,53.45000000000001
2009,Missouri,53.974999999999994
2010,Missouri,55.20833333333332
2011,Missouri,55.658333333333324
2012,Missouri,58.54999999999998
2013,Missouri,53.61666666666667
2014,Missouri,52.875
2015,Missouri,55.84166666666667
2016,Missouri,57.44166666666667
1956,Montana,41.05
1957,Montana,40.71666666666667
1958,Montana,42.599999999999994
1959,Montana,40.25833333333334
1960,Montana,41.14166666666667
1961,Montana,42.80833333333334
1962,Montana,41.525
1963,Montana,42.741666666666674
1964,Montana,40.55
1965,Montana,39.725
1966,Montana,41.05
1967,Montana,41.525000000000006
1968,Montana,40.69166666666666
1969,Montana,39.908333333333324
1970,Montana,40.36666666666667
1971,Montana,40.41666666666667
1972,Montana,39.625
1973,Montana,41.95833333333333
1974,Montana,42.38333333333333
1975,Montana,39.333333333333336
1976,Montana,42.68333333333334
1977,Montana,41.59166666666667
1978,Montana,38.891666666666666
1979,Montana,40.16666666666667
1980,Montana,42.11666666666667
1981,Montana,43.95833333333332
1982,Montana,38.99166666666667
1983,Montana,41.84166666666666
1984,Montana,41.675000000000004
1985,Montana,39.141666666666666
1986,Montana,42.98333333333333
1987,Montana,44.60833333333333
1988,Montana,44.11666666666667
1989,Montana,40.825
1990,Montana,42.81666666666667
1991,Montana,42.958333333333336
1992,Montana,43.48333333333333
1993,Montana,39.65
1994,Montana,42.699999999999996
1995,Montana,41.74166666666667
1996,Montana,39.241666666666674
1997,Montana,42.21666666666667
1998,Montana,43.849999999999994
1999,Montana,44.05833333333334
2000,Montana,42.358333333333334
2001,Montana,43.650000000000006
2002,Montana,41.45
2003,Montana,43.34166666666667
2004,Montana,42.81666666666667
2005,Montana,43.06666666666666
2006,Montana,44.375
2007,Montana,44.03333333333334
2008,Montana,41.391666666666666
2009,Montana,41.15
2010,Montana,41.558333333333344
2011,Montana,41.58333333333333
2012,Montana,44.53333333333333
2013,Montana,42.391666666666666
2014,Montana,41.916666666666664
2015,Montana,44.86666666666667
2016,Montana,44.650000000000006
1956,Nebraska,49.28333333333333
1957,Nebraska,47.958333333333336
1958,Nebraska,47.85833333333333
1959,Nebraska,47.975
1960,Nebraska,46.949999999999996
1961,Nebraska,47.73333333333333
1962,Nebraska,48.15
1963,Nebraska,50.06666666666666
1964,Nebraska,48.59166666666667
1965,Nebraska,47.800000000000004
1966,Nebraska,47.45833333333332
1967,Nebraska,48.025000000000006
1968,Nebraska,48.025000000000006
1969,Nebraska,47.36666666666667
1970,Nebraska,48.25
1971,Nebraska,48.025
1972,Nebraska,47.208333333333336
1973,Nebraska,48.65833333333333
1974,Nebraska,49.241666666666674
1975,Nebraska,47.73333333333334
1976,Nebraska,48.96666666666667
1977,Nebraska,49.81666666666666
1978,Nebraska,46.13333333333333
1979,Nebraska,46.51666666666667
1980,Nebraska,49.51666666666667
1981,Nebraska,50.475
1982,Nebraska,47.04166666666666
1983,Nebraska,47.90833333333334
1984,Nebraska,48.25833333333333
1985,Nebraska,46.75833333333333
1986,Nebraska,50.25
1987,Nebraska,50.791666666666664
1988,Nebraska,49.599999999999994
1989,Nebraska,48.00000000000001
1990,Nebraska,49.99166666666667
1991,Nebraska,50.125
1992,Nebraska,48.933333333333316
1993,Nebraska,45.99166666666665
1994,Nebraska,49.241666666666674
1995,Nebraska,48.56666666666667
1996,Nebraska,46.60833333333333
1997,Nebraska,48.633333333333326
1998,Nebraska,50.616666666666674
1999,Nebraska,50.98333333333333
2000,Nebraska,49.92500000000001
2001,Nebraska,50.33333333333332
2002,Nebraska,50.00833333333333
2003,Nebraska,49.78333333333334
2004,Nebraska,49.81666666666666
2005,Nebraska,50.71666666666667
2006,Nebraska,51.12499999999999
2007,Nebraska,49.958333333333336
2008,Nebraska,47.699999999999996
2009,Nebraska,47.6
2010,Nebraska,49.34166666666667
2011,Nebraska,48.79166666666668
2012,Nebraska,52.716666666666676
2013,Nebraska,48.46666666666666
2014,Nebraska,48.025000000000006
2015,Nebraska,50.791666666666664
2016,Nebraska,51.625
1956,Nevada,49.16666666666668
1957,Nevada,48.75833333333335
1958,Nevada,50.966666666666676
1959,Nevada,50.34166666666667
1960,Nevada,50.150000000000006
1961,Nevada,49.949999999999996
1962,Nevada,49.56666666666667
1963,Nevada,49.80833333333334
1964,Nevada,48.099999999999994
1965,Nevada,48.650000000000006
1966,Nevada,50.083333333333336
1967,Nevada,49.58333333333334
1968,Nevada,49.55833333333334
1969,Nevada,49.74166666666667
1970,Nevada,49.291666666666664
1971,Nevada,48.38333333333333
1972,Nevada,49.37500000000001
1973,Nevada,49.324999999999996
1974,Nevada,50.11666666666667
1975,Nevada,48.25
1976,Nevada,49.51666666666667
1977,Nevada,50.30833333333333
1978,Nevada,49.383333333333326
1979,Nevada,49.64166666666666
1980,Nevada,50.349999999999994
1981,Nevada,51.82500000000001
1982,Nevada,48.116666666666674
1983,Nevada,49.46666666666667
1984,Nevada,48.76666666666667
1985,Nevada,48.69166666666666
1986,Nevada,51.449999999999996
1987,Nevada,50.57500000000001
1988,Nevada,50.68333333333333
1989,Nevada,50.15
1990,Nevada,50.04166666666668
1991,Nevada,49.89166666666666
1992,Nevada,51.375
1993,Nevada,48.633333333333326
1994,Nevada,50.76666666666666
1995,Nevada,50.93333333333334
1996,Nevada,51.55000000000001
1997,Nevada,50.583333333333336
1998,Nevada,49.19166666666666
1999,Nevada,50.574999999999996
2000,Nevada,51.48333333333333
2001,Nevada,51.55833333333334
2002,Nevada,50.800000000000004
2003,Nevada,52.24166666666667
2004,Nevada,50.833333333333336
2005,Nevada,50.666666666666664
2006,Nevada,50.79166666666668
2007,Nevada,51.533333333333324
2008,Nevada,50.425000000000004
2009,Nevada,50.38333333333333
2010,Nevada,50.06666666666666
2011,Nevada,49.574999999999996
2012,Nevada,52.36666666666667
2013,Nevada,50.5
2014,Nevada,53.050000000000004
2015,Nevada,52.89166666666666
2016,Nevada,51.91666666666666
1956,New Hampshire,41.56666666666667
1957,New Hampshire,43.400000000000006
1958,New Hampshire,41.30833333333334
1959,New Hampshire,43.24166666666667
1960,New Hampshire,42.65
1961,New Hampshire,42.849999999999994
1962,New Hampshire,41.108333333333334
1963,New Hampshire,41.85
1964,New Hampshire,42.166666666666664
1965,New Hampshire,41.65
1966,New Hampshire,42.33333333333334
1967,New Hampshire,41.64999999999999
1968,New Hampshire,41.78333333333333
1969,New Hampshire,42.741666666666674
1970,New Hampshire,42.324999999999996
1971,New Hampshire,42.24166666666667
1972,New Hampshire,41.175000000000004
1973,New Hampshire,44.40833333333333
1974,New Hampshire,42.324999999999996
1975,New Hampshire,43.34166666666667
1976,New Hampshire,41.724999999999994
1977,New Hampshire,42.75833333333333
1978,New Hampshire,41.18333333333333
1979,New Hampshire,43.48333333333333
1980,New Hampshire,41.675
1981,New Hampshire,43.25
1982,New Hampshire,42.05833333333333
1983,New Hampshire,44.008333333333326
1984,New Hampshire,43.55833333333333
1985,New Hampshire,42.425000000000004
1986,New Hampshire,42.708333333333336
1987,New Hampshire,43.05833333333334
1988,New Hampshire,42.724999999999994
1989,New Hampshire,41.725
1990,New Hampshire,44.975
1991,New Hampshire,44.525
1992,New Hampshire,41.800000000000004
1993,New Hampshire,42.525
1994,New Hampshire,42.724999999999994
1995,New Hampshire,43.275
1996,New Hampshire,42.975
1997,New Hampshire,42.30833333333333
1998,New Hampshire,45.98333333333334
1999,New Hampshire,45.40833333333333
2000,New Hampshire,42.99166666666667
2001,New Hampshire,44.58333333333332
2002,New Hampshire,44.53333333333333
2003,New Hampshire,42.49999999999999
2004,New Hampshire,42.99166666666667
2005,New Hampshire,44.041666666666664
2006,New Hampshire,45.78333333333334
2007,New Hampshire,43.10833333333333
2008,New Hampshire,43.86666666666667
2009,New Hampshire,42.96666666666667
2010,New Hampshire,46.00000000000001
2011,New Hampshire,44.93333333333333
2012,New Hampshire,46.59166666666667
2013,New Hampshire,44.208333333333336
2014,New Hampshire,43.050000000000004
2015,New Hampshire,43.59166666666667
2016,New Hampshire,45.724999999999994
1956,New Jersey,51.291666666666664
1957,New Jersey,52.5
1958,New Jersey,50.03333333333334
1959,New Jersey,52.89166666666667
1960,New Jersey,51.083333333333336
1961,New Jersey,51.5
1962,New Jersey,50.23333333333334
1963,New Jersey,50.46666666666667
1964,New Jersey,51.60833333333333
1965,New Jersey,51.041666666666664
1966,New Jersey,51.14166666666667
1967,New Jersey,50.324999999999996
1968,New Jersey,51.324999999999996
1969,New Jersey,51.258333333333326
1970,New Jersey,51.416666666666664
1971,New Jersey,51.96666666666667
1972,New Jersey,50.974999999999994
1973,New Jersey,53.416666666666664
1974,New Jersey,52.09166666666667
1975,New Jersey,52.783333333333324
1976,New Jersey,51.099999999999994
1977,New Jersey,51.84166666666667
1978,New Jersey,50.241666666666674
1979,New Jersey,51.64166666666667
1980,New Jersey,51.63333333333333
1981,New Jersey,51.48333333333333
1982,New Jersey,51.41666666666668
1983,New Jersey,52.62499999999999
1984,New Jersey,52.225000000000016
1985,New Jersey,52.508333333333326
1986,New Jersey,52.275
1987,New Jersey,52.375
1988,New Jersey,51.57499999999999
1989,New Jersey,51.46666666666667
1990,New Jersey,54.466666666666676
1991,New Jersey,54.375
1992,New Jersey,51.208333333333336
1993,New Jersey,52.224999999999994
1994,New Jersey,52.199999999999996
1995,New Jersey,52.46666666666667
1996,New Jersey,51.54166666666666
1997,New Jersey,52.06666666666667
1998,New Jersey,55.15833333333334
1999,New Jersey,54.09166666666667
2000,New Jersey,52.199999999999996
2001,New Jersey,53.64166666666667
2002,New Jersey,54.30833333333334
2003,New Jersey,51.84166666666666
2004,New Jersey,53.025000000000006
2005,New Jersey,53.449999999999996
2006,New Jersey,54.975
2007,New Jersey,53.6
2008,New Jersey,53.62500000000001
2009,New Jersey,52.73333333333334
2010,New Jersey,54.675000000000004
2011,New Jersey,54.883333333333326
2012,New Jersey,55.87499999999999
2013,New Jersey,53.225
2014,New Jersey,51.94166666666667
2015,New Jersey,53.85833333333333
2016,New Jersey,54.98333333333334
1956,New Mexico,53.40833333333333
1957,New Mexico,53.12500000000001
1958,New Mexico,53.208333333333336
1959,New Mexico,52.99166666666667
1960,New Mexico,52.25000000000001
1961,New Mexico,52.16666666666668
1962,New Mexico,53.291666666666664
1963,New Mexico,53.55000000000001
1964,New Mexico,51.725
1965,New Mexico,52.583333333333336
1966,New Mexico,52.574999999999996
1967,New Mexico,53.01666666666666
1968,New Mexico,51.96666666666667
1969,New Mexico,53.16666666666666
1970,New Mexico,52.25
1971,New Mexico,52.21666666666667
1972,New Mexico,53.041666666666664
1973,New Mexico,51.48333333333334
1974,New Mexico,52.78333333333335
1975,New Mexico,51.37499999999999
1976,New Mexico,51.875
1977,New Mexico,53.708333333333336
1978,New Mexico,53.23333333333334
1979,New Mexico,51.800000000000004
1980,New Mexico,53.650000000000006
1981,New Mexico,54.35833333333333
1982,New Mexico,52.583333333333336
1983,New Mexico,52.50833333333333
1984,New Mexico,52.40833333333333
1985,New Mexico,52.841666666666676
1986,New Mexico,53.583333333333336
1987,New Mexico,51.916666666666664
1988,New Mexico,52.633333333333326
1989,New Mexico,54.0
1990,New Mexico,53.275000000000006
1991,New Mexico,52.50833333333333
1992,New Mexico,52.55833333333334
1993,New Mexico,53.14166666666667
1994,New Mexico,54.44166666666666
1995,New Mexico,54.31666666666666
1996,New Mexico,54.68333333333333
1997,New Mexico,52.9
1998,New Mexico,54.18333333333334
1999,New Mexico,54.33333333333334
2000,New Mexico,55.208333333333336
2001,New Mexico,54.574999999999996
2002,New Mexico,54.4
2003,New Mexico,55.48333333333333
2004,New Mexico,53.541666666666664
2005,New Mexico,54.71666666666666
2006,New Mexico,54.76666666666667
2007,New Mexico,54.21666666666667
2008,New Mexico,53.64166666666667
2009,New Mexico,54.275000000000006
2010,New Mexico,54.175000000000004
2011,New Mexico,54.62499999999999
2012,New Mexico,56.00833333333335
2013,New Mexico,53.675000000000004
2014,New Mexico,54.81666666666666
2015,New Mexico,54.94166666666666
2016,New Mexico,55.51666666666667
1956,New York,43.84166666666667
1957,New York,45.375
1958,New York,43.09166666666667
1959,New York,45.43333333333333
1960,New York,44.26666666666667
1961,New York,44.78333333333334
1962,New York,43.458333333333336
1963,New York,43.30833333333333
1964,New York,44.93333333333334
1965,New York,43.675000000000004
1966,New York,44.074999999999996
1967,New York,43.758333333333326
1968,New York,43.93333333333334
1969,New York,44.15833333333333
1970,New York,44.083333333333336
1971,New York,44.34166666666667
1972,New York,43.09166666666667
1973,New York,46.38333333333333
1974,New York,44.199999999999996
1975,New York,45.48333333333334
1976,New York,43.199999999999996
1977,New York,44.5
1978,New York,42.866666666666674
1979,New York,44.60833333333333
1980,New York,43.61666666666667
1981,New York,44.650000000000006
1982,New York,44.35833333333334
1983,New York,45.53333333333333
1984,New York,45.199999999999996
1985,New York,44.69166666666666
1986,New York,45.09166666666667
1987,New York,45.66666666666668
1988,New York,44.849999999999994
1989,New York,43.800000000000004
1990,New York,47.275
1991,New York,47.091666666666676
1992,New York,43.76666666666667
1993,New York,44.18333333333334
1994,New York,44.34166666666666
1995,New York,45.23333333333333
1996,New York,44.55833333333334
1997,New York,44.33333333333332
1998,New York,48.34166666666666
1999,New York,46.900000000000006
2000,New York,44.88333333333333
2001,New York,46.94166666666667
2002,New York,46.833333333333336
2003,New York,44.525
2004,New York,45.17499999999999
2005,New York,46.224999999999994
2006,New York,47.64166666666667
2007,New York,45.65833333333333
2008,New York,45.791666666666664
2009,New York,45.01666666666666
2010,New York,47.25
2011,New York,47.125
2012,New York,48.85
2013,New York,45.73333333333333
2014,New York,44.525000000000006
2015,New York,45.69166666666666
2016,New York,47.61666666666667
1956,North Carolina,59.13333333333333
1957,North Carolina,59.30000000000001
1958,North Carolina,56.78333333333333
1959,North Carolina,59.1
1960,North Carolina,57.199999999999996
1961,North Carolina,57.95000000000001
1962,North Carolina,57.6
1963,North Carolina,56.708333333333336
1964,North Carolina,58.083333333333336
1965,North Carolina,58.175000000000004
1966,North Carolina,56.85833333333333
1967,North Carolina,57.150000000000006
1968,North Carolina,57.225000000000016
1969,North Carolina,56.958333333333336
1970,North Carolina,58.44166666666667
1971,North Carolina,58.69166666666667
1972,North Carolina,58.041666666666664
1973,North Carolina,58.94999999999999
1974,North Carolina,59.01666666666666
1975,North Carolina,59.333333333333314
1976,North Carolina,57.30000000000001
1977,North Carolina,58.31666666666666
1978,North Carolina,57.449999999999996
1979,North Carolina,57.633333333333326
1980,North Carolina,57.92499999999999
1981,North Carolina,57.19166666666667
1982,North Carolina,58.550000000000004
1983,North Carolina,57.85833333333333
1984,North Carolina,58.63333333333335
1985,North Carolina,59.199999999999996
1986,North Carolina,59.791666666666664
1987,North Carolina,58.46666666666667
1988,North Carolina,57.275000000000006
1989,North Carolina,58.225
1990,North Carolina,61.09166666666666
1991,North Carolina,60.23333333333333
1992,North Carolina,58.20833333333332
1993,North Carolina,58.73333333333334
1994,North Carolina,59.01666666666667
1995,North Carolina,58.44999999999999
1996,North Carolina,57.791666666666664
1997,North Carolina,58.099999999999994
1998,North Carolina,60.833333333333336
1999,North Carolina,59.70000000000001
2000,North Carolina,58.38333333333335
2001,North Carolina,59.4
2002,North Carolina,59.98333333333333
2003,North Carolina,58.725
2004,North Carolina,59.34166666666667
2005,North Carolina,59.43333333333334
2006,North Carolina,59.83333333333334
2007,North Carolina,60.48333333333333
2008,North Carolina,59.33333333333332
2009,North Carolina,58.88333333333335
2010,North Carolina,59.025000000000006
2011,North Carolina,60.40833333333333
2012,North Carolina,60.73333333333333
2013,North Carolina,58.55833333333333
2014,North Carolina,58.349999999999994
2015,North Carolina,60.525000000000006
2016,North Carolina,60.85833333333334
1956,North Dakota,39.1
1957,North Dakota,40.05833333333333
1958,North Dakota,40.62499999999999
1959,North Dakota,39.475
1960,North Dakota,39.6
1961,North Dakota,41.09166666666666
1962,North Dakota,39.849999999999994
1963,North Dakota,41.93333333333333
1964,North Dakota,39.74999999999999
1965,North Dakota,37.666666666666664
1966,North Dakota,38.09166666666666
1967,North Dakota,39.3
1968,North Dakota,39.475
1969,North Dakota,38.733333333333334
1970,North Dakota,38.43333333333333
1971,North Dakota,39.06666666666667
1972,North Dakota,37.583333333333336
1973,North Dakota,41.775
1974,North Dakota,39.90833333333334
1975,North Dakota,39.44166666666667
1976,North Dakota,41.275
1977,North Dakota,41.074999999999996
1978,North Dakota,38.15
1979,North Dakota,37.23333333333333
1980,North Dakota,41.175
1981,North Dakota,43.224999999999994
1982,North Dakota,37.84166666666666
1983,North Dakota,41.141666666666666
1984,North Dakota,41.050000000000004
1985,North Dakota,38.24166666666667
1986,North Dakota,41.65833333333333
1987,North Dakota,45.03333333333333
1988,North Dakota,42.425000000000004
1989,North Dakota,39.4
1990,North Dakota,42.56666666666666
1991,North Dakota,42.325
1992,North Dakota,41.24166666666667
1993,North Dakota,38.28333333333333
1994,North Dakota,39.99166666666667
1995,North Dakota,39.625
1996,North Dakota,36.51666666666667
1997,North Dakota,40.691666666666656
1998,North Dakota,43.208333333333336
1999,North Dakota,42.958333333333336
2000,North Dakota,41.075
2001,North Dakota,42.25
2002,North Dakota,40.99999999999999
2003,North Dakota,40.78333333333333
2004,North Dakota,40.541666666666664
2005,North Dakota,42.4
2006,North Dakota,43.833333333333336
2007,North Dakota,41.766666666666666
2008,North Dakota,39.33333333333333
2009,North Dakota,38.525
2010,North Dakota,40.87500000000001
2011,North Dakota,40.66666666666667
2012,North Dakota,44.133333333333326
2013,North Dakota,38.800000000000004
2014,North Dakota,38.99166666666667
2015,North Dakota,43.375
2016,North Dakota,44.33333333333334
1956,Ohio,50.650000000000006
1957,Ohio,50.76666666666667
1958,Ohio,48.35833333333333
1959,Ohio,51.275
1960,Ohio,49.21666666666667
1961,Ohio,50.025
1962,Ohio,49.42500000000001
1963,Ohio,48.5
1964,Ohio,50.875
1965,Ohio,50.449999999999996
1966,Ohio,49.133333333333326
1967,Ohio,49.49166666666667
1968,Ohio,49.725000000000016
1969,Ohio,49.375
1970,Ohio,50.56666666666666
1971,Ohio,50.574999999999996
1972,Ohio,49.36666666666667
1973,Ohio,52.16666666666668
1974,Ohio,50.400000000000006
1975,Ohio,51.13333333333333
1976,Ohio,48.90833333333333
1977,Ohio,50.033333333333324
1978,Ohio,48.31666666666666
1979,Ohio,48.88333333333333
1980,Ohio,49.31666666666667
1981,Ohio,49.574999999999996
1982,Ohio,50.324999999999996
1983,Ohio,51.050000000000004
1984,Ohio,50.375
1985,Ohio,50.41666666666668
1986,Ohio,51.64166666666666
1987,Ohio,52.26666666666666
1988,Ohio,50.36666666666667
1989,Ohio,49.42500000000001
1990,Ohio,52.666666666666664
1991,Ohio,53.12500000000001
1992,Ohio,50.29166666666666
1993,Ohio,50.40833333333333
1994,Ohio,50.46666666666667
1995,Ohio,50.34166666666667
1996,Ohio,49.53333333333333
1997,Ohio,49.94166666666667
1998,Ohio,54.1
1999,Ohio,52.31666666666667
2000,Ohio,50.791666666666664
2001,Ohio,52.366666666666674
2002,Ohio,52.54999999999999
2003,Ohio,50.23333333333333
2004,Ohio,51.350000000000016
2005,Ohio,51.79999999999999
2006,Ohio,52.708333333333336
2007,Ohio,52.26666666666666
2008,Ohio,50.63333333333333
2009,Ohio,50.541666666666664
2010,Ohio,51.708333333333336
2011,Ohio,52.30833333333333
2012,Ohio,54.03333333333333
2013,Ohio,50.875
2014,Ohio,49.19999999999999
2015,Ohio,51.625
2016,Ohio,53.54999999999999
1956,Oklahoma,61.55833333333334
1957,Oklahoma,59.03333333333333
1958,Oklahoma,58.675000000000004
1959,Oklahoma,58.88333333333333
1960,Oklahoma,58.349999999999994
1961,Oklahoma,58.21666666666667
1962,Oklahoma,59.79166666666668
1963,Oklahoma,60.78333333333333
1964,Oklahoma,60.091666666666676
1965,Oklahoma,60.366666666666674
1966,Oklahoma,58.59166666666666
1967,Oklahoma,59.5
1968,Oklahoma,58.18333333333333
1969,Oklahoma,59.09166666666666
1970,Oklahoma,59.26666666666667
1971,Oklahoma,59.5
1972,Oklahoma,59.19166666666666
1973,Oklahoma,59.025000000000006
1974,Oklahoma,59.58333333333334
1975,Oklahoma,58.66666666666666
1976,Oklahoma,58.62499999999999
1977,Oklahoma,60.71666666666667
1978,Oklahoma,58.48333333333334
1979,Oklahoma,57.383333333333326
1980,Oklahoma,60.46666666666666
1981,Oklahoma,60.45833333333334
1982,Oklahoma,58.949999999999996
1983,Oklahoma,57.991666666666674
1984,Oklahoma,59.400000000000006
1985,Oklahoma,58.73333333333332
1986,Oklahoma,60.76666666666666
1987,Oklahoma,59.60833333333334
1988,Oklahoma,59.15833333333333
1989,Oklahoma,58.08333333333334
1990,Oklahoma,60.658333333333324
1991,Oklahoma,60.275000000000006
1992,Oklahoma,59.349999999999994
1993,Oklahoma,58.125
1994,Oklahoma,59.71666666666667
1995,Oklahoma,59.39166666666667
1996,Oklahoma,58.98333333333334
1997,Oklahoma,58.74166666666665
1998,Oklahoma,62.1
1999,Oklahoma,61.35
2000,Oklahoma,60.30833333333333
2001,Oklahoma,60.79166666666668
2002,Oklahoma,59.425000000000004
2003,Oklahoma,59.86666666666667
2004,Oklahoma,60.15
2005,Oklahoma,60.84166666666666
2006,Oklahoma,62.15833333333333
2007,Oklahoma,60.050000000000004
2008,Oklahoma,59.56666666666666
2009,Oklahoma,59.425000000000004
2010,Oklahoma,60.31666666666666
2011,Oklahoma,61.64166666666666
2012,Oklahoma,63.15833333333334
2013,Oklahoma,58.83333333333334
2014,Oklahoma,58.9
2015,Oklahoma,60.824999999999996
2016,Oklahoma,62.20833333333332
1956,Oregon,46.050000000000004
1957,Oregon,45.95833333333332
1958,Oregon,49.008333333333326
1959,Oregon,46.81666666666666
1960,Oregon,46.50833333333333
1961,Oregon,47.599999999999994
1962,Oregon,46.425000000000004
1963,Oregon,47.05833333333333
1964,Oregon,45.34166666666667
1965,Oregon,46.88333333333333
1966,Oregon,47.43333333333334
1967,Oregon,47.79999999999999
1968,Oregon,47.199999999999996
1969,Oregon,46.458333333333336
1970,Oregon,46.73333333333333
1971,Oregon,45.824999999999996
1972,Oregon,46.31666666666667
1973,Oregon,47.291666666666664
1974,Oregon,47.03333333333334
1975,Oregon,45.824999999999996
1976,Oregon,46.449999999999996
1977,Oregon,47.0
1978,Oregon,46.558333333333344
1979,Oregon,46.93333333333333
1980,Oregon,47.041666666666664
1981,Oregon,47.81666666666666
1982,Oregon,45.44166666666667
1983,Oregon,46.949999999999996
1984,Oregon,45.650000000000006
1985,Oregon,44.583333333333336
1986,Oregon,48.13333333333333
1987,Oregon,48.35
1988,Oregon,47.92499999999999
1989,Oregon,46.53333333333334
1990,Oregon,47.416666666666664
1991,Oregon,47.625
1992,Oregon,49.44166666666666
1993,Oregon,45.475
1994,Oregon,47.849999999999994
1995,Oregon,48.09166666666667
1996,Oregon,47.64166666666666
1997,Oregon,47.76666666666666
1998,Oregon,47.81666666666667
1999,Oregon,47.19166666666666
2000,Oregon,47.46666666666666
2001,Oregon,47.78333333333334
2002,Oregon,47.71666666666667
2003,Oregon,49.041666666666664
2004,Oregon,48.458333333333336
2005,Oregon,47.708333333333336
2006,Oregon,47.958333333333336
2007,Oregon,47.791666666666664
2008,Oregon,46.800000000000004
2009,Oregon,47.26666666666667
2010,Oregon,47.125
2011,Oregon,46.28333333333334
2012,Oregon,48.025
2013,Oregon,47.65
2014,Oregon,49.62500000000001
2015,Oregon,50.35833333333333
2016,Oregon,48.76666666666668
1956,Pennsylvania,47.875
1957,Pennsylvania,48.758333333333326
1958,Pennsylvania,46.274999999999984
1959,Pennsylvania,49.25
1960,Pennsylvania,47.208333333333336
1961,Pennsylvania,47.94999999999999
1962,Pennsylvania,46.9
1963,Pennsylvania,46.50833333333333
1964,Pennsylvania,48.05000000000001
1965,Pennsylvania,47.61666666666667
1966,Pennsylvania,47.26666666666667
1967,Pennsylvania,47.03333333333333
1968,Pennsylvania,47.61666666666667
1969,Pennsylvania,47.53333333333333
1970,Pennsylvania,48.09166666666667
1971,Pennsylvania,48.21666666666667
1972,Pennsylvania,47.175000000000004
1973,Pennsylvania,49.699999999999996
1974,Pennsylvania,48.166666666666664
1975,Pennsylvania,48.90833333333333
1976,Pennsylvania,46.833333333333336
1977,Pennsylvania,47.89166666666666
1978,Pennsylvania,46.44166666666666
1979,Pennsylvania,47.475
1980,Pennsylvania,47.33333333333332
1981,Pennsylvania,47.50833333333333
1982,Pennsylvania,47.92499999999999
1983,Pennsylvania,48.699999999999996
1984,Pennsylvania,48.24166666666667
1985,Pennsylvania,48.50833333333335
1986,Pennsylvania,48.791666666666664
1987,Pennsylvania,49.208333333333336
1988,Pennsylvania,48.08333333333334
1989,Pennsylvania,47.46666666666667
1990,Pennsylvania,50.69166666666666
1991,Pennsylvania,50.74166666666667
1992,Pennsylvania,47.65833333333333
1993,Pennsylvania,48.23333333333333
1994,Pennsylvania,48.00833333333333
1995,Pennsylvania,48.48333333333333
1996,Pennsylvania,47.61666666666667
1997,Pennsylvania,47.96666666666667
1998,Pennsylvania,51.76666666666666
1999,Pennsylvania,50.008333333333326
2000,Pennsylvania,48.49999999999999
2001,Pennsylvania,49.94166666666666
2002,Pennsylvania,50.300000000000004
2003,Pennsylvania,47.975
2004,Pennsylvania,49.06666666666667
2005,Pennsylvania,49.5
2006,Pennsylvania,50.75833333333333
2007,Pennsylvania,49.508333333333326
2008,Pennsylvania,48.85
2009,Pennsylvania,48.449999999999996
2010,Pennsylvania,50.1
2011,Pennsylvania,50.44166666666666
2012,Pennsylvania,51.79999999999999
2013,Pennsylvania,49.01666666666666
2014,Pennsylvania,47.43333333333334
2015,Pennsylvania,49.49166666666667
2016,Pennsylvania,51.00833333333333
1956,Rhode Island,48.191666666666656
1957,Rhode Island,49.975
1958,Rhode Island,47.366666666666674
1959,Rhode Island,49.475
1960,Rhode Island,48.46666666666667
1961,Rhode Island,48.73333333333334
1962,Rhode Island,47.125
1963,Rhode Island,48.12500000000001
1964,Rhode Island,48.49166666666667
1965,Rhode Island,48.04999999999999
1966,Rhode Island,48.65833333333333
1967,Rhode Island,47.675000000000004
1968,Rhode Island,48.33333333333334
1969,Rhode Island,48.841666666666676
1970,Rhode Island,48.35833333333333
1971,Rhode Island,49.13333333333333
1972,Rhode Island,48.050000000000004
1973,Rhode Island,50.80833333333333
1974,Rhode Island,49.083333333333336
1975,Rhode Island,49.9
1976,Rhode Island,48.324999999999996
1977,Rhode Island,49.14166666666666
1978,Rhode Island,47.44166666666666
1979,Rhode Island,49.699999999999996
1980,Rhode Island,48.550000000000004
1981,Rhode Island,48.89166666666668
1982,Rhode Island,48.60833333333333
1983,Rhode Island,50.291666666666664
1984,Rhode Island,49.82500000000001
1985,Rhode Island,49.158333333333324
1986,Rhode Island,48.958333333333336
1987,Rhode Island,49.150000000000006
1988,Rhode Island,49.025000000000006
1989,Rhode Island,48.55833333333333
1990,Rhode Island,51.5
1991,Rhode Island,51.38333333333333
1992,Rhode Island,48.39166666666666
1993,Rhode Island,49.341666666666676
1994,Rhode Island,49.550000000000004
1995,Rhode Island,49.89166666666666
1996,Rhode Island,49.07500000000001
1997,Rhode Island,49.43333333333334
1998,Rhode Island,52.01666666666667
1999,Rhode Island,51.75
2000,Rhode Island,49.449999999999996
2001,Rhode Island,51.09166666666667
2002,Rhode Island,51.17500000000001
2003,Rhode Island,48.975
2004,Rhode Island,49.333333333333336
2005,Rhode Island,50.091666666666676
2006,Rhode Island,51.85
2007,Rhode Island,50.291666666666664
2008,Rhode Island,50.76666666666666
2009,Rhode Island,49.775
2010,Rhode Island,51.958333333333336
2011,Rhode Island,51.625
2012,Rhode Island,52.88333333333335
2013,Rhode Island,50.666666666666664
2014,Rhode Island,49.74166666666665
2015,Rhode Island,50.43333333333333
2016,Rhode Island,52.23333333333333
1956,South Carolina,63.10833333333334
1957,South Carolina,63.074999999999996
1958,South Carolina,60.70000000000001
1959,South Carolina,62.699999999999996
1960,South Carolina,61.04166666666668
1961,South Carolina,61.691666666666656
1962,South Carolina,61.824999999999996
1963,South Carolina,60.741666666666674
1964,South Carolina,61.69166666666667
1965,South Carolina,62.19166666666667
1966,South Carolina,60.69166666666666
1967,South Carolina,61.12500000000001
1968,South Carolina,60.76666666666667
1969,South Carolina,60.699999999999996
1970,South Carolina,62.28333333333333
1971,South Carolina,62.416666666666664
1972,South Carolina,62.08333333333334
1973,South Carolina,62.55833333333334
1974,South Carolina,62.96666666666665
1975,South Carolina,63.150000000000006
1976,South Carolina,60.91666666666668
1977,South Carolina,62.199999999999996
1978,South Carolina,61.574999999999996
1979,South Carolina,61.45833333333334
1980,South Carolina,61.88333333333333
1981,South Carolina,61.216666666666676
1982,South Carolina,62.68333333333333
1983,South Carolina,61.30833333333334
1984,South Carolina,62.425000000000004
1985,South Carolina,63.050000000000004
1986,South Carolina,64.075
1987,South Carolina,62.324999999999996
1988,South Carolina,61.18333333333333
1989,South Carolina,62.25833333333333
1990,South Carolina,64.96666666666667
1991,South Carolina,63.76666666666667
1992,South Carolina,61.94166666666667
1993,South Carolina,62.574999999999996
1994,South Carolina,62.79999999999999
1995,South Carolina,62.49166666666667
1996,South Carolina,61.775000000000006
1997,South Carolina,62.15833333333334
1998,South Carolina,64.70833333333333
1999,South Carolina,63.39166666666667
2000,South Carolina,62.25000000000001
2001,South Carolina,63.291666666666664
2002,South Carolina,63.708333333333336
2003,South Carolina,62.35833333333334
2004,South Carolina,63.18333333333334
2005,South Carolina,63.066666666666684
2006,South Carolina,63.625
2007,South Carolina,64.3
2008,South Carolina,62.94999999999999
2009,South Carolina,62.675000000000004
2010,South Carolina,62.56666666666666
2011,South Carolina,64.11666666666667
2012,South Carolina,64.51666666666668
2013,South Carolina,62.32500000000001
2014,South Carolina,62.224999999999994
2015,South Carolina,64.47499999999998
2016,South Carolina,64.86666666666666
1956,South Dakota,44.56666666666666
1957,South Dakota,44.25
1958,South Dakota,45.025000000000006
1959,South Dakota,44.375
1960,South Dakota,43.68333333333334
1961,South Dakota,45.1
1962,South Dakota,44.30833333333333
1963,South Dakota,46.48333333333333
1964,South Dakota,44.849999999999994
1965,South Dakota,43.34166666666667
1966,South Dakota,43.30833333333333
1967,South Dakota,44.241666666666674
1968,South Dakota,44.208333333333336
1969,South Dakota,43.63333333333333
1970,South Dakota,43.65833333333334
1971,South Dakota,43.73333333333333
1972,South Dakota,42.56666666666667
1973,South Dakota,45.96666666666666
1974,South Dakota,45.949999999999996
1975,South Dakota,44.0
1976,South Dakota,46.150000000000006
1977,South Dakota,45.55833333333334
1978,South Dakota,42.175000000000004
1979,South Dakota,42.583333333333336
1980,South Dakota,46.24166666666667
1981,South Dakota,47.53333333333333
1982,South Dakota,43.01666666666666
1983,South Dakota,44.98333333333334
1984,South Dakota,45.050000000000004
1985,South Dakota,42.925000000000004
1986,South Dakota,45.78333333333333
1987,South Dakota,48.56666666666667
1988,South Dakota,46.70833333333334
1989,South Dakota,44.26666666666666
1990,South Dakota,46.93333333333334
1991,South Dakota,46.76666666666667
1992,South Dakota,45.6
1993,South Dakota,42.300000000000004
1994,South Dakota,44.866666666666674
1995,South Dakota,44.699999999999996
1996,South Dakota,41.63333333333333
1997,South Dakota,44.79999999999999
1998,South Dakota,47.40833333333334
1999,South Dakota,47.80833333333334
2000,South Dakota,45.958333333333336
2001,South Dakota,46.49166666666667
2002,South Dakota,46.24166666666665
2003,South Dakota,46.05833333333334
2004,South Dakota,46.30833333333334
2005,South Dakota,47.34166666666667
2006,South Dakota,48.150000000000006
2007,South Dakota,46.800000000000004
2008,South Dakota,43.85833333333334
2009,South Dakota,43.574999999999996
2010,South Dakota,45.14166666666668
2011,South Dakota,44.775
2012,South Dakota,49.26666666666666
2013,South Dakota,44.04166666666668
2014,South Dakota,43.69166666666667
2015,South Dakota,47.55833333333333
2016,South Dakota,48.316666666666656
1956,Tennessee,58.55833333333334
1957,Tennessee,58.49166666666667
1958,Tennessee,55.625
1959,Tennessee,57.783333333333324
1960,Tennessee,55.833333333333336
1961,Tennessee,56.708333333333336
1962,Tennessee,57.199999999999996
1963,Tennessee,56.050000000000004
1964,Tennessee,57.449999999999996
1965,Tennessee,57.75
1966,Tennessee,56.19166666666667
1967,Tennessee,56.68333333333334
1968,Tennessee,56.06666666666666
1969,Tennessee,56.13333333333335
1970,Tennessee,57.05833333333333
1971,Tennessee,57.65
1972,Tennessee,57.199999999999996
1973,Tennessee,58.25000000000001
1974,Tennessee,57.691666666666684
1975,Tennessee,57.81666666666666
1976,Tennessee,55.51666666666666
1977,Tennessee,57.28333333333333
1978,Tennessee,56.150000000000006
1979,Tennessee,55.849999999999994
1980,Tennessee,57.25833333333333
1981,Tennessee,56.68333333333333
1982,Tennessee,57.62499999999999
1983,Tennessee,56.69166666666666
1984,Tennessee,57.50000000000001
1985,Tennessee,57.26666666666666
1986,Tennessee,58.84166666666666
1987,Tennessee,58.35833333333333
1988,Tennessee,56.74166666666667
1989,Tennessee,56.583333333333336
1990,Tennessee,59.433333333333344
1991,Tennessee,59.099999999999994
1992,Tennessee,56.99166666666667
1993,Tennessee,57.166666666666664
1994,Tennessee,57.625
1995,Tennessee,57.449999999999996
1996,Tennessee,56.550000000000004
1997,Tennessee,56.833333333333336
1998,Tennessee,60.150000000000006
1999,Tennessee,59.283333333333324
2000,Tennessee,58.0
2001,Tennessee,58.24999999999999
2002,Tennessee,58.724999999999994
2003,Tennessee,57.508333333333326
2004,Tennessee,58.508333333333326
2005,Tennessee,58.74999999999999
2006,Tennessee,58.9
2007,Tennessee,59.94166666666667
2008,Tennessee,57.625
2009,Tennessee,57.583333333333336
2010,Tennessee,57.91666666666668
2011,Tennessee,58.94166666666666
2012,Tennessee,60.35
2013,Tennessee,57.125
2014,Tennessee,56.61666666666667
2015,Tennessee,59.03333333333333
2016,Tennessee,60.30000000000001
1956,Texas,65.96666666666667
1957,Texas,64.625
1958,Texas,63.44166666666666
1959,Texas,63.708333333333336
1960,Texas,63.65833333333334
1961,Texas,63.458333333333336
1962,Texas,65.15833333333332
1963,Texas,65.2
1964,Texas,64.675
1965,Texas,65.09166666666667
1966,Texas,63.48333333333334
1967,Texas,64.87499999999999
1968,Texas,63.10833333333333
1969,Texas,64.53333333333335
1970,Texas,63.73333333333334
1971,Texas,64.93333333333332
1972,Texas,64.43333333333334
1973,Texas,63.725
1974,Texas,64.53333333333333
1975,Texas,63.783333333333324
1976,Texas,62.82499999999999
1977,Texas,65.28333333333333
1978,Texas,63.78333333333333
1979,Texas,62.87500000000001
1980,Texas,64.98333333333333
1981,Texas,64.97500000000001
1982,Texas,64.65
1983,Texas,63.38333333333333
1984,Texas,64.79166666666667
1985,Texas,64.38333333333334
1986,Texas,65.51666666666667
1987,Texas,63.80833333333334
1988,Texas,64.325
1989,Texas,64.275
1990,Texas,65.61666666666666
1991,Texas,64.76666666666667
1992,Texas,64.39999999999999
1993,Texas,64.08333333333333
1994,Texas,65.58333333333333
1995,Texas,65.21666666666665
1996,Texas,65.44166666666665
1997,Texas,63.93333333333334
1998,Texas,67.03333333333333
1999,Texas,66.61666666666666
2000,Texas,66.48333333333335
2001,Texas,65.69999999999999
2002,Texas,65.03333333333332
2003,Texas,65.49999999999999
2004,Texas,65.25000000000001
2005,Texas,65.99166666666666
2006,Texas,67.125
2007,Texas,64.84166666666667
2008,Texas,65.53333333333333
2009,Texas,65.76666666666667
2010,Texas,65.10833333333333
2011,Texas,67.34166666666665
2012,Texas,67.78333333333335
2013,Texas,65.125
2014,Texas,64.85833333333333
2015,Texas,65.80833333333332
2016,Texas,67.175
1956,Utah,47.94166666666666
1957,Utah,47.324999999999996
1958,Utah,49.24166666666667
1959,Utah,48.475
1960,Utah,48.125
1961,Utah,47.74166666666667
1962,Utah,47.883333333333326
1963,Utah,48.400000000000006
1964,Utah,46.08333333333332
1965,Utah,47.074999999999996
1966,Utah,48.06666666666666
1967,Utah,47.45833333333334
1968,Utah,46.525000000000006
1969,Utah,48.03333333333333
1970,Utah,47.449999999999996
1971,Utah,46.64166666666667
1972,Utah,48.083333333333336
1973,Utah,46.20833333333332
1974,Utah,47.73333333333334
1975,Utah,45.71666666666667
1976,Utah,47.48333333333333
1977,Utah,48.94166666666666
1978,Utah,47.85833333333333
1979,Utah,46.650000000000006
1980,Utah,48.474999999999994
1981,Utah,50.008333333333326
1982,Utah,46.4
1983,Utah,47.775000000000006
1984,Utah,45.87500000000001
1985,Utah,46.99166666666667
1986,Utah,49.275
1987,Utah,48.400000000000006
1988,Utah,48.466666666666676
1989,Utah,48.58333333333334
1990,Utah,48.699999999999996
1991,Utah,47.474999999999994
1992,Utah,48.98333333333333
1993,Utah,46.833333333333336
1994,Utah,49.67499999999999
1995,Utah,49.18333333333333
1996,Utah,49.583333333333336
1997,Utah,48.19166666666666
1998,Utah,48.300000000000004
1999,Utah,49.166666666666664
2000,Utah,50.224999999999994
2001,Utah,49.98333333333332
2002,Utah,48.84166666666666
2003,Utah,50.599999999999994
2004,Utah,48.70000000000001
2005,Utah,49.33333333333334
2006,Utah,49.166666666666664
2007,Utah,49.900000000000006
2008,Utah,48.11666666666667
2009,Utah,48.449999999999996
2010,Utah,48.31666666666666
2011,Utah,47.625
2012,Utah,50.94166666666667
2013,Utah,47.75833333333333
2014,Utah,50.44166666666667
2015,Utah,50.74166666666667
2016,Utah,50.24166666666667
1956,Vermont,40.60833333333333
1957,Vermont,42.37500000000001
1958,Vermont,40.14166666666667
1959,Vermont,42.16666666666667
1960,Vermont,41.675000000000004
1961,Vermont,41.775000000000006
1962,Vermont,40.15
1963,Vermont,40.458333333333336
1964,Vermont,41.56666666666666
1965,Vermont,40.525
1966,Vermont,41.28333333333334
1967,Vermont,40.71666666666666
1968,Vermont,40.775
1969,Vermont,41.54166666666667
1970,Vermont,41.041666666666664
1971,Vermont,41.05
1972,Vermont,40.05833333333334
1973,Vermont,43.44166666666667
1974,Vermont,41.2
1975,Vermont,42.483333333333334
1976,Vermont,40.46666666666666
1977,Vermont,41.87499999999999
1978,Vermont,40.016666666666666
1979,Vermont,42.416666666666664
1980,Vermont,40.599999999999994
1981,Vermont,42.225
1982,Vermont,41.3
1983,Vermont,42.625
1984,Vermont,42.53333333333334
1985,Vermont,41.475
1986,Vermont,41.83333333333333
1987,Vermont,42.19166666666667
1988,Vermont,41.75833333333333
1989,Vermont,40.73333333333334
1990,Vermont,44.050000000000004
1991,Vermont,43.525
1992,Vermont,40.61666666666667
1993,Vermont,41.18333333333333
1994,Vermont,41.31666666666667
1995,Vermont,42.325
1996,Vermont,42.00833333333333
1997,Vermont,41.06666666666666
1998,Vermont,45.175000000000004
1999,Vermont,44.275000000000006
2000,Vermont,41.81666666666667
2001,Vermont,43.791666666666664
2002,Vermont,43.574999999999996
2003,Vermont,41.49166666666667
2004,Vermont,41.85
2005,Vermont,43.416666666666664
2006,Vermont,45.05833333333333
2007,Vermont,42.175000000000004
2008,Vermont,43.050000000000004
2009,Vermont,42.283333333333324
2010,Vermont,44.89166666666666
2011,Vermont,44.300000000000004
2012,Vermont,45.85
2013,Vermont,43.23333333333333
2014,Vermont,41.95
2015,Vermont,42.625
2016,Vermont,44.64166666666667
1956,Virginia,55.291666666666664
1957,Virginia,55.64166666666666
1958,Virginia,52.958333333333336
1959,Virginia,55.81666666666667
1960,Virginia,53.599999999999994
1961,Virginia,54.26666666666667
1962,Virginia,53.5
1963,Virginia,53.26666666666667
1964,Virginia,54.541666666666664
1965,Virginia,54.625
1966,Virginia,53.34166666666666
1967,Virginia,53.38333333333333
1968,Virginia,53.81666666666666
1969,Virginia,53.45000000000001
1970,Virginia,54.76666666666666
1971,Virginia,54.88333333333333
1972,Virginia,54.18333333333334
1973,Virginia,55.625
1974,Virginia,55.26666666666667
1975,Virginia,55.42499999999999
1976,Virginia,53.84166666666667
1977,Virginia,54.74999999999999
1978,Virginia,53.59166666666667
1979,Virginia,53.82500000000001
1980,Virginia,54.40833333333333
1981,Virginia,53.666666666666664
1982,Virginia,54.70000000000001
1983,Virginia,54.466666666666676
1984,Virginia,55.025000000000006
1985,Virginia,55.416666666666664
1986,Virginia,55.65833333333334
1987,Virginia,55.21666666666666
1988,Virginia,53.93333333333334
1989,Virginia,54.36666666666667
1990,Virginia,57.39166666666667
1991,Virginia,56.974999999999994
1992,Virginia,54.42499999999999
1993,Virginia,55.058333333333316
1994,Virginia,55.30833333333334
1995,Virginia,54.98333333333334
1996,Virginia,54.025
1997,Virginia,54.508333333333326
1998,Virginia,57.449999999999996
1999,Virginia,56.26666666666668
2000,Virginia,54.90833333333334
2001,Virginia,55.85
2002,Virginia,56.57500000000001
2003,Virginia,54.95000000000001
2004,Virginia,55.883333333333326
2005,Virginia,55.95000000000002
2006,Virginia,56.57500000000001
2007,Virginia,56.80000000000001
2008,Virginia,55.708333333333336
2009,Virginia,55.166666666666664
2010,Virginia,55.93333333333334
2011,Virginia,56.99166666666667
2012,Virginia,57.55833333333333
2013,Virginia,55.116666666666674
2014,Virginia,54.449999999999996
2015,Virginia,56.53333333333333
2016,Virginia,57.175000000000004
1956,Washington,45.291666666666664
1957,Washington,45.53333333333333
1958,Washington,49.00000000000001
1959,Washington,45.508333333333326
1960,Washington,45.65
1961,Washington,46.974999999999994
1962,Washington,46.150000000000006
1963,Washington,46.666666666666664
1964,Washington,44.758333333333326
1965,Washington,46.74166666666667
1966,Washington,46.93333333333333
1967,Washington,47.84166666666667
1968,Washington,46.35
1969,Washington,45.5
1970,Washington,45.975
1971,Washington,45.39166666666667
1972,Washington,45.275000000000006
1973,Washington,46.525
1974,Washington,46.74166666666667
1975,Washington,45.23333333333333
1976,Washington,45.92499999999999
1977,Washington,46.225
1978,Washington,45.925000000000004
1979,Washington,46.36666666666667
1980,Washington,46.05833333333334
1981,Washington,47.291666666666664
1982,Washington,45.525
1983,Washington,46.70833333333334
1984,Washington,45.333333333333336
1985,Washington,43.93333333333334
1986,Washington,47.32500000000001
1987,Washington,48.25
1988,Washington,47.28333333333334
1989,Washington,46.58333333333334
1990,Washington,47.26666666666667
1991,Washington,47.13333333333333
1992,Washington,48.666666666666664
1993,Washington,45.574999999999996
1994,Washington,47.9
1995,Washington,47.54999999999999
1996,Washington,45.60833333333333
1997,Washington,47.11666666666667
1998,Washington,48.633333333333326
1999,Washington,46.94166666666667
2000,Washington,46.18333333333334
2001,Washington,46.89166666666666
2002,Washington,46.93333333333334
2003,Washington,48.19166666666666
2004,Washington,48.39166666666667
2005,Washington,47.35
2006,Washington,47.51666666666666
2007,Washington,46.800000000000004
2008,Washington,45.75833333333333
2009,Washington,46.36666666666667
2010,Washington,47.083333333333336
2011,Washington,45.525
2012,Washington,47.05833333333334
2013,Washington,47.150000000000006
2014,Washington,48.38333333333333
2015,Washington,49.975
2016,Washington,48.61666666666667
1956,West Virginia,51.87499999999999
1957,West Virginia,52.525
1958,West Virginia,49.35833333333334
1959,West Virginia,52.416666666666664
1960,West Virginia,50.04999999999999
1961,West Virginia,50.974999999999994
1962,West Virginia,50.57500000000001
1963,West Virginia,49.275
1964,West Virginia,51.341666666666676
1965,West Virginia,51.50833333333335
1966,West Virginia,50.00833333333333
1967,West Virginia,50.39166666666667
1968,West Virginia,50.24999999999999
1969,West Virginia,50.12499999999999
1970,West Virginia,51.61666666666667
1971,West Virginia,51.50833333333333
1972,West Virginia,50.86666666666667
1973,West Virginia,52.68333333333333
1974,West Virginia,51.833333333333336
1975,West Virginia,52.25833333333333
1976,West Virginia,49.80833333333334
1977,West Virginia,50.87499999999999
1978,West Virginia,49.925000000000004
1979,West Virginia,50.191666666666656
1980,West Virginia,50.50000000000001
1981,West Virginia,50.024999999999984
1982,West Virginia,51.625
1983,West Virginia,51.225000000000016
1984,West Virginia,51.616666666666674
1985,West Virginia,51.64166666666667
1986,West Virginia,52.34166666666667
1987,West Virginia,52.333333333333336
1988,West Virginia,50.925000000000004
1989,West Virginia,50.875
1990,West Virginia,53.93333333333334
1991,West Virginia,53.85
1992,West Virginia,51.26666666666667
1993,West Virginia,51.866666666666674
1994,West Virginia,51.800000000000004
1995,West Virginia,51.574999999999996
1996,West Virginia,50.75
1997,West Virginia,51.0
1998,West Virginia,54.25000000000001
1999,West Virginia,53.025000000000006
2000,West Virginia,51.775000000000006
2001,West Virginia,52.69166666666666
2002,West Virginia,53.23333333333335
2003,West Virginia,51.599999999999994
2004,West Virginia,52.74166666666667
2005,West Virginia,52.75833333333333
2006,West Virginia,53.03333333333333
2007,West Virginia,53.29999999999999
2008,West Virginia,51.791666666666664
2009,West Virginia,51.75
2010,West Virginia,52.05000000000001
2011,West Virginia,53.50000000000001
2012,West Virginia,54.31666666666667
2013,West Virginia,51.775
2014,West Virginia,50.791666666666664
2015,West Virginia,53.14166666666666
2016,West Virginia,54.15
1956,Wisconsin,42.10833333333333
1957,Wisconsin,42.16666666666667
1958,Wisconsin,42.01666666666667
1959,Wisconsin,41.925000000000004
1960,Wisconsin,42.09166666666666
1961,Wisconsin,42.9
1962,Wisconsin,41.625
1963,Wisconsin,42.050000000000004
1964,Wisconsin,43.43333333333333
1965,Wisconsin,41.266666666666666
1966,Wisconsin,41.474999999999994
1967,Wisconsin,40.9
1968,Wisconsin,43.008333333333326
1969,Wisconsin,41.69166666666667
1970,Wisconsin,42.09166666666667
1971,Wisconsin,42.01666666666666
1972,Wisconsin,39.95
1973,Wisconsin,44.31666666666666
1974,Wisconsin,42.18333333333333
1975,Wisconsin,42.61666666666667
1976,Wisconsin,41.38333333333333
1977,Wisconsin,42.94166666666667
1978,Wisconsin,41.0
1979,Wisconsin,40.425
1980,Wisconsin,42.15833333333333
1981,Wisconsin,43.475
1982,Wisconsin,41.44166666666666
1983,Wisconsin,43.35833333333334
1984,Wisconsin,43.25
1985,Wisconsin,41.40833333333334
1986,Wisconsin,43.291666666666664
1987,Wisconsin,46.324999999999996
1988,Wisconsin,43.43333333333333
1989,Wisconsin,41.108333333333334
1990,Wisconsin,44.550000000000004
1991,Wisconsin,43.71666666666667
1992,Wisconsin,42.73333333333333
1993,Wisconsin,41.71666666666666
1994,Wisconsin,42.974999999999994
1995,Wisconsin,42.80833333333334
1996,Wisconsin,40.483333333333334
1997,Wisconsin,42.641666666666666
1998,Wisconsin,47.30833333333334
1999,Wisconsin,45.39166666666666
2000,Wisconsin,43.86666666666667
2001,Wisconsin,45.33333333333334
2002,Wisconsin,44.58333333333334
2003,Wisconsin,43.199999999999996
2004,Wisconsin,43.525
2005,Wisconsin,45.06666666666666
2006,Wisconsin,46.0
2007,Wisconsin,44.74166666666667
2008,Wisconsin,41.791666666666664
2009,Wisconsin,42.40833333333333
2010,Wisconsin,45.48333333333333
2011,Wisconsin,44.150000000000006
2012,Wisconsin,47.39166666666666
2013,Wisconsin,41.775
2014,Wisconsin,40.23333333333334
2015,Wisconsin,44.824999999999996
2016,Wisconsin,46.208333333333336
1956,Wyoming,41.141666666666666
1957,Wyoming,40.4
1958,Wyoming,41.98333333333333
1959,Wyoming,40.675000000000004
1960,Wyoming,41.050000000000004
1961,Wyoming,40.975
1962,Wyoming,41.1
1963,Wyoming,42.48333333333334
1964,Wyoming,39.55
1965,Wyoming,40.25000000000001
1966,Wyoming,41.208333333333336
1967,Wyoming,40.825
1968,Wyoming,39.80833333333333
1969,Wyoming,41.099999999999994
1970,Wyoming,40.35
1971,Wyoming,40.00833333333333
1972,Wyoming,40.175
1973,Wyoming,39.84166666666666
1974,Wyoming,41.225
1975,Wyoming,39.43333333333334
1976,Wyoming,41.34166666666666
1977,Wyoming,42.0
1978,Wyoming,39.39166666666666
1979,Wyoming,40.0
1980,Wyoming,41.966666666666676
1981,Wyoming,43.73333333333333
1982,Wyoming,39.84166666666667
1983,Wyoming,40.925000000000004
1984,Wyoming,39.9
1985,Wyoming,39.175000000000004
1986,Wyoming,42.324999999999996
1987,Wyoming,42.50833333333333
1988,Wyoming,42.800000000000004
1989,Wyoming,41.175000000000004
1990,Wyoming,41.85
1991,Wyoming,41.71666666666666
1992,Wyoming,42.491666666666674
1993,Wyoming,38.89166666666666
1994,Wyoming,42.916666666666664
1995,Wyoming,41.675
1996,Wyoming,41.04166666666667
1997,Wyoming,41.20833333333333
1998,Wyoming,42.55
1999,Wyoming,43.166666666666664
2000,Wyoming,42.54166666666667
2001,Wyoming,43.20000000000001
2002,Wyoming,41.375
2003,Wyoming,43.050000000000004
2004,Wyoming,42.40833333333334
2005,Wyoming,42.85
2006,Wyoming,43.18333333333334
2007,Wyoming,43.31666666666667
2008,Wyoming,40.699999999999996
2009,Wyoming,40.93333333333334
2010,Wyoming,41.958333333333336
2011,Wyoming,41.05833333333334
2012,Wyoming,44.800000000000004
2013,Wyoming,41.675000000000004
2014,Wyoming,42.13333333333333
2015,Wyoming,44.15833333333333
2016,Wyoming,43.84166666666667
